{
  "type": "FeatureCollection",
  "generator": "overpass-turbo",
  "copyright": "The data included in this document is from www.openstreetmap.org. The data is made available under ODbL.",
  "timestamp": "2026-03-10T12:56:53Z",
  "features": [
    {
      "type": "Feature",
      "properties": {
        "@id": "way/375820323",
        "building": "yes"
      },
      "geometry": {
        "type": "Polygon",
        "coordinates": [
          [
            [
              24.5096803,
              54.8788722
            ],
            [
              24.5096626,
              54.8789421
            ],
            [
              24.5095831,
              54.8789355
            ],
            [
              24.5095872,
              54.8789195
            ],
            [
              24.5095402,
              54.8789156
            ],
            [
              24.5095542,
              54.8788601
            ],
            [
              24.5096009,
              54.878864
            ],
            [
              24.5096043,
              54.8788506
            ],
            [
              24.5096586,
              54.8788552
            ],
            [
              24.5096548,
              54.87887
            ],
            [
              24.5096803,
              54.8788722
            ]
          ]
        ]
      },
      "id": "way/375820323"
    },
    {
      "type": "Feature",
      "properties": {
        "@id": "way/375820338",
        "building": "yes",
        "power": "substation",
        "substation": "minor_distribution"
      },
      "geometry": {
        "type": "Polygon",
        "coordinates": [
          [
            [
              24.5188145,
              54.8777912
            ],
            [
              24.5187962,
              54.8778099
            ],
            [
              24.5187681,
              54.8778008
            ],
            [
              24.5187864,
              54.8777821
            ],
            [
              24.5188145,
              54.8777912
            ]
          ]
        ]
      },
      "id": "way/375820338"
    },
    {
      "type": "Feature",
      "properties": {
        "@id": "way/375820355",
        "building": "yes"
      },
      "geometry": {
        "type": "Polygon",
        "coordinates": [
          [
            [
              24.5094669,
              54.8789456
            ],
            [
              24.5094359,
              54.8790262
            ],
            [
              24.5093817,
              54.8790193
            ],
            [
              24.5094127,
              54.8789387
            ],
            [
              24.5094669,
              54.8789456
            ]
          ]
        ]
      },
      "id": "way/375820355"
    },
    {
      "type": "Feature",
      "properties": {
        "@id": "way/375820357",
        "addr:city": "Gudzenka",
        "addr:housenumber": "17",
        "addr:postcode": "56104",
        "addr:street": "Tylioji g.",
        "building": "hangar"
      },
      "geometry": {
        "type": "Polygon",
        "coordinates": [
          [
            [
              24.5206274,
              54.8776632
            ],
            [
              24.5204555,
              54.8777906
            ],
            [
              24.5196695,
              54.8774397
            ],
            [
              24.5198414,
              54.8773122
            ],
            [
              24.5206274,
              54.8776632
            ]
          ]
        ]
      },
      "id": "way/375820357"
    },
    {
      "type": "Feature",
      "properties": {
        "@id": "way/375820368",
        "building": "yes"
      },
      "geometry": {
        "type": "Polygon",
        "coordinates": [
          [
            [
              24.509642,
              54.879056
            ],
            [
              24.509627,
              54.8791079
            ],
            [
              24.5095367,
              54.8790992
            ],
            [
              24.5095325,
              54.8791138
            ],
            [
              24.5094629,
              54.8791072
            ],
            [
              24.5094821,
              54.8790407
            ],
            [
              24.509642,
              54.879056
            ]
          ]
        ]
      },
      "id": "way/375820368"
    },
    {
      "type": "Feature",
      "properties": {
        "@id": "way/866414565",
        "addr:city": "Gudzenka",
        "addr:housenumber": "29",
        "addr:postcode": "56104",
        "addr:street": "Tylioji g.",
        "building": "house"
      },
      "geometry": {
        "type": "Polygon",
        "coordinates": [
          [
            [
              24.5161154,
              54.8794043
            ],
            [
              24.5160265,
              54.8793703
            ],
            [
              24.5160476,
              54.879352
            ],
            [
              24.516011,
              54.879338
            ],
            [
              24.5160443,
              54.8793093
            ],
            [
              24.5160809,
              54.8793233
            ],
            [
              24.5161076,
              54.8793002
            ],
            [
              24.5161965,
              54.8793342
            ],
            [
              24.5161154,
              54.8794043
            ]
          ]
        ]
      },
      "id": "way/866414565"
    },
    {
      "type": "Feature",
      "properties": {
        "@id": "way/866414566",
        "addr:city": "Gudzenka",
        "addr:housenumber": "27",
        "addr:postcode": "56104",
        "addr:street": "Tylioji g.",
        "building": "house"
      },
      "geometry": {
        "type": "Polygon",
        "coordinates": [
          [
            [
              24.5166713,
              54.8795438
            ],
            [
              24.5165447,
              54.8794901
            ],
            [
              24.5166157,
              54.8794346
            ],
            [
              24.5166446,
              54.8794469
            ],
            [
              24.5166662,
              54.87943
            ],
            [
              24.516723,
              54.8794541
            ],
            [
              24.5167013,
              54.879471
            ],
            [
              24.5167423,
              54.8794884
            ],
            [
              24.5166713,
              54.8795438
            ]
          ]
        ]
      },
      "id": "way/866414566"
    },
    {
      "type": "Feature",
      "properties": {
        "@id": "way/866414567",
        "building": "yes"
      },
      "geometry": {
        "type": "Polygon",
        "coordinates": [
          [
            [
              24.5166213,
              54.8796751
            ],
            [
              24.5165323,
              54.8796425
            ],
            [
              24.5166037,
              54.879578
            ],
            [
              24.5166927,
              54.8796106
            ],
            [
              24.5166213,
              54.8796751
            ]
          ]
        ]
      },
      "id": "way/866414567"
    },
    {
      "type": "Feature",
      "properties": {
        "@id": "way/866414568",
        "addr:city": "Gudzenka",
        "addr:housenumber": "31",
        "addr:postcode": "56104",
        "addr:street": "Tylioji g.",
        "building": "house"
      },
      "geometry": {
        "type": "Polygon",
        "coordinates": [
          [
            [
              24.5169305,
              54.8798825
            ],
            [
              24.5167724,
              54.8798363
            ],
            [
              24.5167958,
              54.8798098
            ],
            [
              24.5167525,
              54.8797972
            ],
            [
              24.5167893,
              54.8797555
            ],
            [
              24.5168327,
              54.8797682
            ],
            [
              24.5168522,
              54.8797461
            ],
            [
              24.5170103,
              54.8797924
            ],
            [
              24.5169305,
              54.8798825
            ]
          ]
        ]
      },
      "id": "way/866414568"
    },
    {
      "type": "Feature",
      "properties": {
        "@id": "way/866414569",
        "addr:city": "Gudzenka",
        "addr:housenumber": "33",
        "addr:postcode": "56104",
        "addr:street": "Tylioji g.",
        "building": "house"
      },
      "geometry": {
        "type": "Polygon",
        "coordinates": [
          [
            [
              24.5164149,
              54.8800467
            ],
            [
              24.5162193,
              54.8799885
            ],
            [
              24.5162422,
              54.8799629
            ],
            [
              24.5162191,
              54.8799561
            ],
            [
              24.5162435,
              54.8799289
            ],
            [
              24.5162663,
              54.8799357
            ],
            [
              24.5162879,
              54.8799116
            ],
            [
              24.5164839,
              54.87997
            ],
            [
              24.5164149,
              54.8800467
            ]
          ]
        ]
      },
      "id": "way/866414569"
    },
    {
      "type": "Feature",
      "properties": {
        "@id": "way/866414570",
        "building": "yes"
      },
      "geometry": {
        "type": "Polygon",
        "coordinates": [
          [
            [
              24.5212219,
              54.8775914
            ],
            [
              24.5211458,
              54.8775281
            ],
            [
              24.5214917,
              54.8773905
            ],
            [
              24.5215678,
              54.8774539
            ],
            [
              24.5212219,
              54.8775914
            ]
          ]
        ]
      },
      "id": "way/866414570"
    },
    {
      "type": "Feature",
      "properties": {
        "@id": "way/866414571",
        "addr:city": "Gudzenka",
        "addr:housenumber": "11",
        "addr:postcode": "56104",
        "addr:street": "Tylioji g.",
        "building": "yes"
      },
      "geometry": {
        "type": "Polygon",
        "coordinates": [
          [
            [
              24.5217601,
              54.8767167
            ],
            [
              24.5217564,
              54.8766036
            ],
            [
              24.5219824,
              54.8766012
            ],
            [
              24.5219861,
              54.8767142
            ],
            [
              24.522034,
              54.8767137
            ],
            [
              24.5220364,
              54.8767864
            ],
            [
              24.5217136,
              54.8767899
            ],
            [
              24.5217112,
              54.8767172
            ],
            [
              24.5217601,
              54.8767167
            ]
          ]
        ]
      },
      "id": "way/866414571"
    },
    {
      "type": "Feature",
      "properties": {
        "@id": "way/866414572",
        "addr:city": "Gudzenka",
        "addr:housenumber": "9",
        "addr:postcode": "56104",
        "addr:street": "Tylioji g.",
        "building": "yes"
      },
      "geometry": {
        "type": "Polygon",
        "coordinates": [
          [
            [
              24.5224116,
              54.87646
            ],
            [
              24.5224061,
              54.8764298
            ],
            [
              24.5224843,
              54.8764251
            ],
            [
              24.5224899,
              54.8764552
            ],
            [
              24.5225801,
              54.8764497
            ],
            [
              24.5226041,
              54.8765802
            ],
            [
              24.5223427,
              54.8765961
            ],
            [
              24.5223186,
              54.8764657
            ],
            [
              24.5224116,
              54.87646
            ]
          ]
        ]
      },
      "id": "way/866414572"
    },
    {
      "type": "Feature",
      "properties": {
        "@id": "way/866414575",
        "addr:city": "Gudzenka",
        "addr:housenumber": "19",
        "addr:postcode": "56104",
        "addr:street": "Tylioji g.",
        "building": "yes"
      },
      "geometry": {
        "type": "Polygon",
        "coordinates": [
          [
            [
              24.5203032,
              54.8781215
            ],
            [
              24.5196362,
              54.8778169
            ],
            [
              24.5195918,
              54.8778491
            ],
            [
              24.5194429,
              54.8777811
            ],
            [
              24.5195171,
              54.8777274
            ],
            [
              24.5193721,
              54.8776612
            ],
            [
              24.5194744,
              54.8775871
            ],
            [
              24.5197607,
              54.8777178
            ],
            [
              24.5197431,
              54.8777306
            ],
            [
              24.5204176,
              54.8780386
            ],
            [
              24.5203032,
              54.8781215
            ]
          ]
        ]
      },
      "id": "way/866414575"
    },
    {
      "type": "Feature",
      "properties": {
        "@id": "way/866414581",
        "building": "yes"
      },
      "geometry": {
        "type": "Polygon",
        "coordinates": [
          [
            [
              24.5132253,
              54.8777793
            ],
            [
              24.5132563,
              54.8776518
            ],
            [
              24.5132856,
              54.8776541
            ],
            [
              24.5132953,
              54.8776144
            ],
            [
              24.5134711,
              54.8776285
            ],
            [
              24.5134304,
              54.8777958
            ],
            [
              24.5132253,
              54.8777793
            ]
          ]
        ]
      },
      "id": "way/866414581"
    },
    {
      "type": "Feature",
      "properties": {
        "@id": "way/866414582",
        "building": "yes"
      },
      "geometry": {
        "type": "Polygon",
        "coordinates": [
          [
            [
              24.5130071,
              54.8776176
            ],
            [
              24.5130329,
              54.8775083
            ],
            [
              24.5131202,
              54.8775151
            ],
            [
              24.5131165,
              54.8775309
            ],
            [
              24.5132058,
              54.8775378
            ],
            [
              24.5132043,
              54.8775442
            ],
            [
              24.5132493,
              54.8775477
            ],
            [
              24.5132364,
              54.8776026
            ],
            [
              24.5131853,
              54.8775986
            ],
            [
              24.5131834,
              54.8776066
            ],
            [
              24.5131343,
              54.8776027
            ],
            [
              24.5131304,
              54.8776196
            ],
            [
              24.5130721,
              54.877615
            ],
            [
              24.5130704,
              54.8776225
            ],
            [
              24.5130071,
              54.8776176
            ]
          ]
        ]
      },
      "id": "way/866414582"
    },
    {
      "type": "Feature",
      "properties": {
        "@id": "way/866414593",
        "building": "yes"
      },
      "geometry": {
        "type": "Polygon",
        "coordinates": [
          [
            [
              24.5185068,
              54.8786528
            ],
            [
              24.5182208,
              54.8785505
            ],
            [
              24.5182771,
              54.8784984
            ],
            [
              24.5185631,
              54.8786008
            ],
            [
              24.5185068,
              54.8786528
            ]
          ]
        ]
      },
      "id": "way/866414593"
    },
    {
      "type": "Feature",
      "properties": {
        "@id": "way/866414594",
        "building": "industrial"
      },
      "geometry": {
        "type": "Polygon",
        "coordinates": [
          [
            [
              24.5175949,
              54.878665
            ],
            [
              24.5173537,
              54.8785583
            ],
            [
              24.5175889,
              54.8783824
            ],
            [
              24.5177661,
              54.8784609
            ],
            [
              24.5177423,
              54.8784786
            ],
            [
              24.5179815,
              54.8785846
            ],
            [
              24.5179125,
              54.8786361
            ],
            [
              24.5178224,
              54.8785963
            ],
            [
              24.5176401,
              54.8787326
            ],
            [
              24.5176834,
              54.8787518
            ],
            [
              24.5173785,
              54.8789798
            ],
            [
              24.51725,
              54.8789229
            ],
            [
              24.5175949,
              54.878665
            ]
          ]
        ]
      },
      "id": "way/866414594"
    },
    {
      "type": "Feature",
      "properties": {
        "@id": "way/910798999",
        "addr:city": "Rečionys",
        "addr:housenumber": "24",
        "addr:postcode": "56104",
        "addr:street": "Laukų g.",
        "building": "yes"
      },
      "geometry": {
        "type": "Polygon",
        "coordinates": [
          [
            [
              24.5114625,
              54.8705195
            ],
            [
              24.5113777,
              54.8703601
            ],
            [
              24.5115849,
              54.8703236
            ],
            [
              24.5116697,
              54.8704831
            ],
            [
              24.5114625,
              54.8705195
            ]
          ]
        ]
      },
      "id": "way/910798999"
    },
    {
      "type": "Feature",
      "properties": {
        "@id": "way/1215736709",
        "building": "yes"
      },
      "geometry": {
        "type": "Polygon",
        "coordinates": [
          [
            [
              24.5219404,
              54.8774911
            ],
            [
              24.5218527,
              54.8774534
            ],
            [
              24.5219266,
              54.8773965
            ],
            [
              24.5220143,
              54.8774342
            ],
            [
              24.5219404,
              54.8774911
            ]
          ]
        ]
      },
      "id": "way/1215736709"
    },
    {
      "type": "Feature",
      "properties": {
        "@id": "way/1215736710",
        "building": "yes"
      },
      "geometry": {
        "type": "Polygon",
        "coordinates": [
          [
            [
              24.522506,
              54.8778379
            ],
            [
              24.5224188,
              54.8778193
            ],
            [
              24.5224356,
              54.8777933
            ],
            [
              24.5223785,
              54.8777811
            ],
            [
              24.5224027,
              54.8777435
            ],
            [
              24.5225469,
              54.8777742
            ],
            [
              24.522506,
              54.8778379
            ]
          ]
        ]
      },
      "id": "way/1215736710"
    },
    {
      "type": "Feature",
      "properties": {
        "@id": "way/1215736711",
        "building": "yes"
      },
      "geometry": {
        "type": "Polygon",
        "coordinates": [
          [
            [
              24.521507,
              54.8781139
            ],
            [
              24.5213465,
              54.8781075
            ],
            [
              24.5213532,
              54.8780512
            ],
            [
              24.5215137,
              54.8780576
            ],
            [
              24.521507,
              54.8781139
            ]
          ]
        ]
      },
      "id": "way/1215736711"
    },
    {
      "type": "Feature",
      "properties": {
        "@id": "way/1215736712",
        "building": "yes"
      },
      "geometry": {
        "type": "Polygon",
        "coordinates": [
          [
            [
              24.5216943,
              54.8777147
            ],
            [
              24.5216199,
              54.8776792
            ],
            [
              24.5217208,
              54.8776091
            ],
            [
              24.5217953,
              54.8776446
            ],
            [
              24.5216943,
              54.8777147
            ]
          ]
        ]
      },
      "id": "way/1215736712"
    },
    {
      "type": "Feature",
      "properties": {
        "@id": "way/1215736713",
        "building": "yes"
      },
      "geometry": {
        "type": "Polygon",
        "coordinates": [
          [
            [
              24.5215087,
              54.8776595
            ],
            [
              24.5214683,
              54.8776232
            ],
            [
              24.5216262,
              54.8775649
            ],
            [
              24.5216667,
              54.8776012
            ],
            [
              24.5215087,
              54.8776595
            ]
          ]
        ]
      },
      "id": "way/1215736713"
    },
    {
      "type": "Feature",
      "properties": {
        "@id": "way/1215736714",
        "building": "yes"
      },
      "geometry": {
        "type": "Polygon",
        "coordinates": [
          [
            [
              24.5213649,
              54.8776739
            ],
            [
              24.5213133,
              54.8776314
            ],
            [
              24.521398,
              54.8775973
            ],
            [
              24.5214497,
              54.8776398
            ],
            [
              24.5213649,
              54.8776739
            ]
          ]
        ]
      },
      "id": "way/1215736714"
    },
    {
      "type": "Feature",
      "properties": {
        "@id": "way/1215736715",
        "addr:city": "Gudzenka",
        "addr:housenumber": "28",
        "addr:postcode": "56104",
        "addr:street": "Taikos g.",
        "building": "yes"
      },
      "geometry": {
        "type": "Polygon",
        "coordinates": [
          [
            [
              24.5192729,
              54.8720302
            ],
            [
              24.5191676,
              54.8719423
            ],
            [
              24.5192706,
              54.8719015
            ],
            [
              24.5193759,
              54.8719894
            ],
            [
              24.5192729,
              54.8720302
            ]
          ]
        ]
      },
      "id": "way/1215736715"
    },
    {
      "type": "Feature",
      "properties": {
        "@id": "way/1215736716",
        "building": "yes"
      },
      "geometry": {
        "type": "Polygon",
        "coordinates": [
          [
            [
              24.5192402,
              54.8721712
            ],
            [
              24.5191374,
              54.8721176
            ],
            [
              24.5191891,
              54.8720849
            ],
            [
              24.5192918,
              54.8721385
            ],
            [
              24.5192402,
              54.8721712
            ]
          ]
        ]
      },
      "id": "way/1215736716"
    },
    {
      "type": "Feature",
      "properties": {
        "@id": "way/1215736717",
        "building": "yes"
      },
      "geometry": {
        "type": "Polygon",
        "coordinates": [
          [
            [
              24.5193663,
              54.8723167
            ],
            [
              24.5190837,
              54.8722718
            ],
            [
              24.5191148,
              54.8722069
            ],
            [
              24.5193974,
              54.8722519
            ],
            [
              24.5193663,
              54.8723167
            ]
          ]
        ]
      },
      "id": "way/1215736717"
    },
    {
      "type": "Feature",
      "properties": {
        "@id": "way/1215736718",
        "addr:city": "Gudzenka",
        "addr:housenumber": "26",
        "addr:postcode": "56104",
        "addr:street": "Taikos g.",
        "building": "yes"
      },
      "geometry": {
        "type": "Polygon",
        "coordinates": [
          [
            [
              24.5193981,
              54.8725521
            ],
            [
              24.5193033,
              54.8725991
            ],
            [
              24.5192551,
              54.8725669
            ],
            [
              24.5191904,
              54.872599
            ],
            [
              24.5191657,
              54.8725825
            ],
            [
              24.5191344,
              54.8725981
            ],
            [
              24.5191176,
              54.8725868
            ],
            [
              24.5190676,
              54.8726116
            ],
            [
              24.5190238,
              54.8725824
            ],
            [
              24.5191223,
              54.8725335
            ],
            [
              24.5191472,
              54.87255
            ],
            [
              24.5192893,
              54.8724795
            ],
            [
              24.5193084,
              54.8724923
            ],
            [
              24.5193368,
              54.8724782
            ],
            [
              24.5193763,
              54.8725045
            ],
            [
              24.5193479,
              54.8725186
            ],
            [
              24.5193981,
              54.8725521
            ]
          ]
        ]
      },
      "id": "way/1215736718"
    },
    {
      "type": "Feature",
      "properties": {
        "@id": "way/1215736719",
        "building": "yes"
      },
      "geometry": {
        "type": "Polygon",
        "coordinates": [
          [
            [
              24.5189747,
              54.8727106
            ],
            [
              24.5188087,
              54.8726179
            ],
            [
              24.5188888,
              54.8725704
            ],
            [
              24.5190549,
              54.8726631
            ],
            [
              24.5189747,
              54.8727106
            ]
          ]
        ]
      },
      "id": "way/1215736719"
    },
    {
      "type": "Feature",
      "properties": {
        "@id": "way/1215736720",
        "building": "yes"
      },
      "geometry": {
        "type": "Polygon",
        "coordinates": [
          [
            [
              24.5190663,
              54.872762
            ],
            [
              24.5190205,
              54.8727337
            ],
            [
              24.5191001,
              54.8726911
            ],
            [
              24.5191459,
              54.8727195
            ],
            [
              24.5190663,
              54.872762
            ]
          ]
        ]
      },
      "id": "way/1215736720"
    },
    {
      "type": "Feature",
      "properties": {
        "@id": "way/1215736721",
        "addr:city": "Gudzenka",
        "addr:housenumber": "24",
        "addr:postcode": "56104",
        "addr:street": "Taikos g.",
        "building": "yes"
      },
      "geometry": {
        "type": "Polygon",
        "coordinates": [
          [
            [
              24.5196827,
              54.8727691
            ],
            [
              24.519598,
              54.8728176
            ],
            [
              24.5195666,
              54.8727994
            ],
            [
              24.5195339,
              54.8728182
            ],
            [
              24.5195098,
              54.8728042
            ],
            [
              24.5194775,
              54.8728227
            ],
            [
              24.5193993,
              54.8727775
            ],
            [
              24.5195489,
              54.8726918
            ],
            [
              24.5195948,
              54.8727183
            ],
            [
              24.5196188,
              54.8727046
            ],
            [
              24.5196629,
              54.8727301
            ],
            [
              24.5196389,
              54.8727438
            ],
            [
              24.5196827,
              54.8727691
            ]
          ]
        ]
      },
      "id": "way/1215736721"
    },
    {
      "type": "Feature",
      "properties": {
        "@id": "way/1215736722",
        "building": "yes"
      },
      "geometry": {
        "type": "Polygon",
        "coordinates": [
          [
            [
              24.519347,
              54.8729852
            ],
            [
              24.5193201,
              54.8729711
            ],
            [
              24.5192907,
              54.8729896
            ],
            [
              24.5191252,
              54.8729024
            ],
            [
              24.5192384,
              54.8728312
            ],
            [
              24.5192711,
              54.8728485
            ],
            [
              24.5192533,
              54.8728597
            ],
            [
              24.5194129,
              54.8729438
            ],
            [
              24.519347,
              54.8729852
            ]
          ]
        ]
      },
      "id": "way/1215736722"
    },
    {
      "type": "Feature",
      "properties": {
        "@id": "way/1215736723",
        "building": "yes"
      },
      "geometry": {
        "type": "Polygon",
        "coordinates": [
          [
            [
              24.5195485,
              54.8728844
            ],
            [
              24.519513,
              54.8728613
            ],
            [
              24.519567,
              54.8728339
            ],
            [
              24.5196025,
              54.872857
            ],
            [
              24.5195485,
              54.8728844
            ]
          ]
        ]
      },
      "id": "way/1215736723"
    },
    {
      "type": "Feature",
      "properties": {
        "@id": "way/1215736724",
        "building": "yes"
      },
      "geometry": {
        "type": "Polygon",
        "coordinates": [
          [
            [
              24.5198952,
              54.8728825
            ],
            [
              24.5198531,
              54.8728567
            ],
            [
              24.5199036,
              54.8728295
            ],
            [
              24.5199457,
              54.8728554
            ],
            [
              24.5198952,
              54.8728825
            ]
          ]
        ]
      },
      "id": "way/1215736724"
    },
    {
      "type": "Feature",
      "properties": {
        "@id": "way/1215736725",
        "addr:city": "Gudzenka",
        "addr:housenumber": "22",
        "addr:postcode": "56104",
        "addr:street": "Taikos g.",
        "building": "yes"
      },
      "geometry": {
        "type": "Polygon",
        "coordinates": [
          [
            [
              24.519864,
              54.8730286
            ],
            [
              24.519793,
              54.8729826
            ],
            [
              24.5198496,
              54.8729537
            ],
            [
              24.5198102,
              54.8729282
            ],
            [
              24.5198865,
              54.8728893
            ],
            [
              24.5199234,
              54.8729132
            ],
            [
              24.5199439,
              54.8729028
            ],
            [
              24.5199806,
              54.8729266
            ],
            [
              24.5199601,
              54.872937
            ],
            [
              24.5199968,
              54.8729608
            ],
            [
              24.519864,
              54.8730286
            ]
          ]
        ]
      },
      "id": "way/1215736725"
    },
    {
      "type": "Feature",
      "properties": {
        "@id": "way/1215736726",
        "building": "yes"
      },
      "geometry": {
        "type": "Polygon",
        "coordinates": [
          [
            [
              24.5197008,
              54.8730148
            ],
            [
              24.5196308,
              54.8729731
            ],
            [
              24.5197106,
              54.8729287
            ],
            [
              24.5197807,
              54.8729703
            ],
            [
              24.5197008,
              54.8730148
            ]
          ]
        ]
      },
      "id": "way/1215736726"
    },
    {
      "type": "Feature",
      "properties": {
        "@id": "way/1215736727",
        "building": "yes"
      },
      "geometry": {
        "type": "Polygon",
        "coordinates": [
          [
            [
              24.5196276,
              54.8732102
            ],
            [
              24.5195618,
              54.8731714
            ],
            [
              24.5196762,
              54.8731072
            ],
            [
              24.5195725,
              54.873046
            ],
            [
              24.5196414,
              54.8730073
            ],
            [
              24.5197754,
              54.8730865
            ],
            [
              24.5197596,
              54.8730953
            ],
            [
              24.5197951,
              54.8731163
            ],
            [
              24.5196276,
              54.8732102
            ]
          ]
        ]
      },
      "id": "way/1215736727"
    },
    {
      "type": "Feature",
      "properties": {
        "@id": "way/1215736728",
        "building": "yes"
      },
      "geometry": {
        "type": "Polygon",
        "coordinates": [
          [
            [
              24.5194875,
              54.8730892
            ],
            [
              24.5194468,
              54.8730658
            ],
            [
              24.5195145,
              54.8730268
            ],
            [
              24.5195552,
              54.8730502
            ],
            [
              24.5194875,
              54.8730892
            ]
          ]
        ]
      },
      "id": "way/1215736728"
    },
    {
      "type": "Feature",
      "properties": {
        "@id": "way/1215736729",
        "addr:city": "Gudzenka",
        "addr:housenumber": "20",
        "addr:postcode": "56104",
        "addr:street": "Taikos g.",
        "building": "yes"
      },
      "geometry": {
        "type": "Polygon",
        "coordinates": [
          [
            [
              24.520113,
              54.8731241
            ],
            [
              24.5201938,
              54.8730779
            ],
            [
              24.5202349,
              54.8731017
            ],
            [
              24.5202631,
              54.8730856
            ],
            [
              24.5203142,
              54.8731151
            ],
            [
              24.5202861,
              54.8731312
            ],
            [
              24.5203222,
              54.8731521
            ],
            [
              24.5201958,
              54.8732245
            ],
            [
              24.5201255,
              54.8731838
            ],
            [
              24.5201711,
              54.8731577
            ],
            [
              24.520113,
              54.8731241
            ]
          ]
        ]
      },
      "id": "way/1215736729"
    },
    {
      "type": "Feature",
      "properties": {
        "@id": "way/1215736730",
        "addr:city": "Gudzenka",
        "addr:housenumber": "18",
        "addr:postcode": "56104",
        "addr:street": "Taikos g.",
        "building": "yes"
      },
      "geometry": {
        "type": "Polygon",
        "coordinates": [
          [
            [
              24.5205532,
              54.8733059
            ],
            [
              24.5206479,
              54.8732513
            ],
            [
              24.5206856,
              54.873273
            ],
            [
              24.5207068,
              54.8732607
            ],
            [
              24.5207541,
              54.8732879
            ],
            [
              24.5207329,
              54.8733001
            ],
            [
              24.5207677,
              54.8733201
            ],
            [
              24.5206236,
              54.8734032
            ],
            [
              24.5205429,
              54.8733569
            ],
            [
              24.5205923,
              54.8733284
            ],
            [
              24.5205532,
              54.8733059
            ]
          ]
        ]
      },
      "id": "way/1215736730"
    },
    {
      "type": "Feature",
      "properties": {
        "@id": "way/1215736731",
        "building": "yes"
      },
      "geometry": {
        "type": "Polygon",
        "coordinates": [
          [
            [
              24.5205162,
              54.8735457
            ],
            [
              24.5204737,
              54.8735219
            ],
            [
              24.5204269,
              54.8735495
            ],
            [
              24.52023,
              54.873439
            ],
            [
              24.5203528,
              54.8733666
            ],
            [
              24.52054,
              54.8734716
            ],
            [
              24.5205718,
              54.8734528
            ],
            [
              24.520624,
              54.8734821
            ],
            [
              24.5205162,
              54.8735457
            ]
          ]
        ]
      },
      "id": "way/1215736731"
    },
    {
      "type": "Feature",
      "properties": {
        "@id": "way/1215736732",
        "building": "yes"
      },
      "geometry": {
        "type": "Polygon",
        "coordinates": [
          [
            [
              24.5203819,
              54.8733744
            ],
            [
              24.5203218,
              54.8733409
            ],
            [
              24.5203886,
              54.8733012
            ],
            [
              24.5204488,
              54.8733346
            ],
            [
              24.5203819,
              54.8733744
            ]
          ]
        ]
      },
      "id": "way/1215736732"
    },
    {
      "type": "Feature",
      "properties": {
        "@id": "way/1215736733",
        "building": "yes"
      },
      "geometry": {
        "type": "Polygon",
        "coordinates": [
          [
            [
              24.5207511,
              54.8737788
            ],
            [
              24.5206571,
              54.8737163
            ],
            [
              24.5207648,
              54.8736627
            ],
            [
              24.5208768,
              54.8737372
            ],
            [
              24.5208012,
              54.8737748
            ],
            [
              24.5207831,
              54.8737628
            ],
            [
              24.5207511,
              54.8737788
            ]
          ]
        ]
      },
      "id": "way/1215736733"
    },
    {
      "type": "Feature",
      "properties": {
        "@id": "way/1215736734",
        "addr:city": "Gudzenka",
        "addr:housenumber": "16",
        "addr:postcode": "56104",
        "addr:street": "Taikos g.",
        "building": "yes"
      },
      "geometry": {
        "type": "Polygon",
        "coordinates": [
          [
            [
              24.5210417,
              54.8736416
            ],
            [
              24.5209868,
              54.873606
            ],
            [
              24.5210057,
              54.8735964
            ],
            [
              24.5209531,
              54.8735622
            ],
            [
              24.5210575,
              54.8735089
            ],
            [
              24.5210808,
              54.8735241
            ],
            [
              24.5210947,
              54.873517
            ],
            [
              24.5211263,
              54.8735375
            ],
            [
              24.5211124,
              54.8735446
            ],
            [
              24.521165,
              54.8735787
            ],
            [
              24.5210417,
              54.8736416
            ]
          ]
        ]
      },
      "id": "way/1215736734"
    },
    {
      "type": "Feature",
      "properties": {
        "@id": "way/1215736735",
        "building": "yes"
      },
      "geometry": {
        "type": "Polygon",
        "coordinates": [
          [
            [
              24.520958,
              54.8736896
            ],
            [
              24.5209177,
              54.8736646
            ],
            [
              24.5209838,
              54.8736292
            ],
            [
              24.5210242,
              54.8736541
            ],
            [
              24.520958,
              54.8736896
            ]
          ]
        ]
      },
      "id": "way/1215736735"
    },
    {
      "type": "Feature",
      "properties": {
        "@id": "way/1215736736",
        "addr:city": "Gudzenka",
        "addr:housenumber": "14",
        "addr:postcode": "56104",
        "addr:street": "Taikos g.",
        "building": "yes"
      },
      "geometry": {
        "type": "Polygon",
        "coordinates": [
          [
            [
              24.5213287,
              54.8738597
            ],
            [
              24.5212643,
              54.8738153
            ],
            [
              24.5213299,
              54.8737838
            ],
            [
              24.5212928,
              54.8737583
            ],
            [
              24.5213811,
              54.8737158
            ],
            [
              24.5214051,
              54.8737323
            ],
            [
              24.5214263,
              54.8737221
            ],
            [
              24.5214704,
              54.8737525
            ],
            [
              24.5214492,
              54.8737627
            ],
            [
              24.5214826,
              54.8737857
            ],
            [
              24.5213287,
              54.8738597
            ]
          ]
        ]
      },
      "id": "way/1215736736"
    },
    {
      "type": "Feature",
      "properties": {
        "@id": "way/1215736737",
        "building": "yes"
      },
      "geometry": {
        "type": "Polygon",
        "coordinates": [
          [
            [
              24.5211691,
              54.8738346
            ],
            [
              24.5210999,
              54.8737928
            ],
            [
              24.5211586,
              54.8737606
            ],
            [
              24.5212278,
              54.8738024
            ],
            [
              24.5211691,
              54.8738346
            ]
          ]
        ]
      },
      "id": "way/1215736737"
    },
    {
      "type": "Feature",
      "properties": {
        "@id": "way/1215736738",
        "building": "yes"
      },
      "geometry": {
        "type": "Polygon",
        "coordinates": [
          [
            [
              24.5210929,
              54.8739804
            ],
            [
              24.5209607,
              54.873894
            ],
            [
              24.5210396,
              54.873854
            ],
            [
              24.5211718,
              54.8739404
            ],
            [
              24.5210929,
              54.8739804
            ]
          ]
        ]
      },
      "id": "way/1215736738"
    },
    {
      "type": "Feature",
      "properties": {
        "@id": "way/1215736739",
        "building": "yes"
      },
      "geometry": {
        "type": "Polygon",
        "coordinates": [
          [
            [
              24.5211547,
              54.8740109
            ],
            [
              24.5211085,
              54.8739822
            ],
            [
              24.5211854,
              54.8739412
            ],
            [
              24.5212316,
              54.8739699
            ],
            [
              24.5211547,
              54.8740109
            ]
          ]
        ]
      },
      "id": "way/1215736739"
    },
    {
      "type": "Feature",
      "properties": {
        "@id": "way/1215736740",
        "addr:city": "Gudzenka",
        "addr:housenumber": "12",
        "addr:postcode": "56104",
        "addr:street": "Taikos g.",
        "building": "yes"
      },
      "geometry": {
        "type": "Polygon",
        "coordinates": [
          [
            [
              24.5216535,
              54.8740427
            ],
            [
              24.5215689,
              54.873987
            ],
            [
              24.5216966,
              54.8739228
            ],
            [
              24.5217181,
              54.873937
            ],
            [
              24.5217514,
              54.8739203
            ],
            [
              24.5217958,
              54.8739495
            ],
            [
              24.5217626,
              54.8739662
            ],
            [
              24.5217812,
              54.8739785
            ],
            [
              24.5216535,
              54.8740427
            ]
          ]
        ]
      },
      "id": "way/1215736740"
    },
    {
      "type": "Feature",
      "properties": {
        "@id": "way/1215736741",
        "building": "yes"
      },
      "geometry": {
        "type": "Polygon",
        "coordinates": [
          [
            [
              24.5215437,
              54.8742124
            ],
            [
              24.5213708,
              54.8741151
            ],
            [
              24.5214467,
              54.8740705
            ],
            [
              24.5214834,
              54.8740911
            ],
            [
              24.5214984,
              54.8740823
            ],
            [
              24.521567,
              54.8741209
            ],
            [
              24.521552,
              54.8741297
            ],
            [
              24.5216196,
              54.8741677
            ],
            [
              24.5215437,
              54.8742124
            ]
          ]
        ]
      },
      "id": "way/1215736741"
    },
    {
      "type": "Feature",
      "properties": {
        "@id": "way/1215736742",
        "building": "yes"
      },
      "geometry": {
        "type": "Polygon",
        "coordinates": [
          [
            [
              24.5216127,
              54.8741397
            ],
            [
              24.521563,
              54.8741067
            ],
            [
              24.521641,
              54.8740677
            ],
            [
              24.5216908,
              54.8741007
            ],
            [
              24.5216127,
              54.8741397
            ]
          ]
        ]
      },
      "id": "way/1215736742"
    },
    {
      "type": "Feature",
      "properties": {
        "@id": "way/1215736743",
        "addr:city": "Gudzenka",
        "addr:housenumber": "10",
        "addr:postcode": "56104",
        "addr:street": "Taikos g.",
        "building": "yes"
      },
      "geometry": {
        "type": "Polygon",
        "coordinates": [
          [
            [
              24.522129,
              54.8743022
            ],
            [
              24.5220811,
              54.8742717
            ],
            [
              24.5220538,
              54.8742859
            ],
            [
              24.522011,
              54.8742587
            ],
            [
              24.5220383,
              54.8742445
            ],
            [
              24.5220202,
              54.874233
            ],
            [
              24.5221166,
              54.8741829
            ],
            [
              24.5221385,
              54.8741968
            ],
            [
              24.5221569,
              54.8741872
            ],
            [
              24.5221923,
              54.8742097
            ],
            [
              24.5221739,
              54.8742193
            ],
            [
              24.5222254,
              54.874252
            ],
            [
              24.522129,
              54.8743022
            ]
          ]
        ]
      },
      "id": "way/1215736743"
    },
    {
      "type": "Feature",
      "properties": {
        "@id": "way/1215736744",
        "building": "yes"
      },
      "geometry": {
        "type": "Polygon",
        "coordinates": [
          [
            [
              24.5219237,
              54.8744431
            ],
            [
              24.5217954,
              54.8743558
            ],
            [
              24.5218869,
              54.8743113
            ],
            [
              24.5220151,
              54.8743985
            ],
            [
              24.5219237,
              54.8744431
            ]
          ]
        ]
      },
      "id": "way/1215736744"
    },
    {
      "type": "Feature",
      "properties": {
        "@id": "way/1215736745",
        "building": "yes"
      },
      "geometry": {
        "type": "Polygon",
        "coordinates": [
          [
            [
              24.5220546,
              54.8743777
            ],
            [
              24.5219985,
              54.8743534
            ],
            [
              24.5220297,
              54.8743295
            ],
            [
              24.5220088,
              54.8743204
            ],
            [
              24.5220394,
              54.874297
            ],
            [
              24.5220603,
              54.874306
            ],
            [
              24.5220693,
              54.8742992
            ],
            [
              24.5221254,
              54.8743234
            ],
            [
              24.5220546,
              54.8743777
            ]
          ]
        ]
      },
      "id": "way/1215736745"
    },
    {
      "type": "Feature",
      "properties": {
        "@id": "way/1215736746",
        "addr:city": "Gudzenka",
        "addr:housenumber": "8",
        "addr:postcode": "56104",
        "addr:street": "Taikos g.",
        "building": "yes"
      },
      "geometry": {
        "type": "Polygon",
        "coordinates": [
          [
            [
              24.522412,
              54.8745148
            ],
            [
              24.5223563,
              54.8744781
            ],
            [
              24.5223878,
              54.8744623
            ],
            [
              24.522341,
              54.8744314
            ],
            [
              24.5224303,
              54.8743866
            ],
            [
              24.5224642,
              54.8744089
            ],
            [
              24.5224864,
              54.8743977
            ],
            [
              24.5225268,
              54.8744243
            ],
            [
              24.5225045,
              54.8744355
            ],
            [
              24.5225328,
              54.8744541
            ],
            [
              24.522412,
              54.8745148
            ]
          ]
        ]
      },
      "id": "way/1215736746"
    },
    {
      "type": "Feature",
      "properties": {
        "@id": "way/1215736747",
        "building": "yes"
      },
      "geometry": {
        "type": "Polygon",
        "coordinates": [
          [
            [
              24.5222533,
              54.8746563
            ],
            [
              24.5220885,
              54.8745521
            ],
            [
              24.5221871,
              54.8745005
            ],
            [
              24.5223519,
              54.8746047
            ],
            [
              24.5222533,
              54.8746563
            ]
          ]
        ]
      },
      "id": "way/1215736747"
    },
    {
      "type": "Feature",
      "properties": {
        "@id": "way/1215736748",
        "building": "yes"
      },
      "geometry": {
        "type": "Polygon",
        "coordinates": [
          [
            [
              24.5223527,
              54.8746729
            ],
            [
              24.522316,
              54.8746486
            ],
            [
              24.5223654,
              54.8746239
            ],
            [
              24.5224021,
              54.8746483
            ],
            [
              24.5223527,
              54.8746729
            ]
          ]
        ]
      },
      "id": "way/1215736748"
    },
    {
      "type": "Feature",
      "properties": {
        "@id": "way/1215736749",
        "addr:city": "Gudzenka",
        "addr:housenumber": "6",
        "addr:postcode": "56104",
        "addr:street": "Taikos g.",
        "building": "yes"
      },
      "geometry": {
        "type": "Polygon",
        "coordinates": [
          [
            [
              24.522658,
              54.8747023
            ],
            [
              24.5225376,
              54.8746237
            ],
            [
              24.5226023,
              54.8745909
            ],
            [
              24.52262,
              54.8746024
            ],
            [
              24.5227022,
              54.8745607
            ],
            [
              24.5227324,
              54.8745804
            ],
            [
              24.5227562,
              54.8745683
            ],
            [
              24.5228109,
              54.874604
            ],
            [
              24.5227871,
              54.874616
            ],
            [
              24.522805,
              54.8746277
            ],
            [
              24.522658,
              54.8747023
            ]
          ]
        ]
      },
      "id": "way/1215736749"
    },
    {
      "type": "Feature",
      "properties": {
        "@id": "way/1215736750",
        "building": "yes"
      },
      "geometry": {
        "type": "Polygon",
        "coordinates": [
          [
            [
              24.5225426,
              54.8748161
            ],
            [
              24.5224746,
              54.8747736
            ],
            [
              24.5224532,
              54.874785
            ],
            [
              24.5223664,
              54.8747307
            ],
            [
              24.522484,
              54.8746684
            ],
            [
              24.5225289,
              54.8746965
            ],
            [
              24.5225139,
              54.8747044
            ],
            [
              24.5226238,
              54.874773
            ],
            [
              24.5225426,
              54.8748161
            ]
          ]
        ]
      },
      "id": "way/1215736750"
    },
    {
      "type": "Feature",
      "properties": {
        "@id": "way/1215736751",
        "addr:city": "Gudzenka",
        "addr:housenumber": "4",
        "addr:postcode": "56104",
        "addr:street": "Taikos g.",
        "building": "yes"
      },
      "geometry": {
        "type": "Polygon",
        "coordinates": [
          [
            [
              24.5230519,
              54.874891
            ],
            [
              24.5230349,
              54.8748801
            ],
            [
              24.523015,
              54.8748905
            ],
            [
              24.5229594,
              54.8748549
            ],
            [
              24.5229794,
              54.8748446
            ],
            [
              24.5229457,
              54.874823
            ],
            [
              24.5230398,
              54.8747743
            ],
            [
              24.5230708,
              54.8747941
            ],
            [
              24.5230926,
              54.8747829
            ],
            [
              24.5231343,
              54.8748096
            ],
            [
              24.5231125,
              54.8748208
            ],
            [
              24.523146,
              54.8748423
            ],
            [
              24.5230519,
              54.874891
            ]
          ]
        ]
      },
      "id": "way/1215736751"
    },
    {
      "type": "Feature",
      "properties": {
        "@id": "way/1215736752",
        "building": "yes"
      },
      "geometry": {
        "type": "Polygon",
        "coordinates": [
          [
            [
              24.5228541,
              54.8750046
            ],
            [
              24.5227383,
              54.8749301
            ],
            [
              24.5228175,
              54.8748894
            ],
            [
              24.5228394,
              54.8749035
            ],
            [
              24.5228599,
              54.874893
            ],
            [
              24.5229002,
              54.8749189
            ],
            [
              24.5228798,
              54.8749295
            ],
            [
              24.5229333,
              54.8749639
            ],
            [
              24.5228541,
              54.8750046
            ]
          ]
        ]
      },
      "id": "way/1215736752"
    },
    {
      "type": "Feature",
      "properties": {
        "@id": "way/1215736753",
        "building": "yes"
      },
      "geometry": {
        "type": "Polygon",
        "coordinates": [
          [
            [
              24.5230493,
              54.8750142
            ],
            [
              24.522992,
              54.8749742
            ],
            [
              24.5230516,
              54.8749459
            ],
            [
              24.523109,
              54.8749859
            ],
            [
              24.5230493,
              54.8750142
            ]
          ]
        ]
      },
      "id": "way/1215736753"
    },
    {
      "type": "Feature",
      "properties": {
        "@id": "way/1215736754",
        "addr:city": "Gudzenka",
        "addr:housenumber": "2",
        "addr:postcode": "56104",
        "addr:street": "Taikos g.",
        "building": "yes"
      },
      "geometry": {
        "type": "Polygon",
        "coordinates": [
          [
            [
              24.5238079,
              54.8754341
            ],
            [
              24.5237482,
              54.8753997
            ],
            [
              24.5237166,
              54.8754178
            ],
            [
              24.5236731,
              54.8753927
            ],
            [
              24.5237047,
              54.8753745
            ],
            [
              24.5235759,
              54.8753001
            ],
            [
              24.5235932,
              54.8752902
            ],
            [
              24.5235632,
              54.8752729
            ],
            [
              24.5236198,
              54.8752405
            ],
            [
              24.5236498,
              54.8752578
            ],
            [
              24.5237358,
              54.8752085
            ],
            [
              24.5239678,
              54.8753425
            ],
            [
              24.5238079,
              54.8754341
            ]
          ]
        ]
      },
      "id": "way/1215736754"
    },
    {
      "type": "Feature",
      "properties": {
        "@id": "way/1215736755",
        "addr:city": "Gudzenka",
        "addr:housenumber": "3",
        "addr:postcode": "56104",
        "addr:street": "Tylioji g.",
        "building": "yes"
      },
      "geometry": {
        "type": "Polygon",
        "coordinates": [
          [
            [
              24.5243289,
              54.8758151
            ],
            [
              24.5242473,
              54.8757463
            ],
            [
              24.5243882,
              54.875691
            ],
            [
              24.5244697,
              54.8757598
            ],
            [
              24.5243289,
              54.8758151
            ]
          ]
        ]
      },
      "id": "way/1215736755"
    },
    {
      "type": "Feature",
      "properties": {
        "@id": "way/1215736756",
        "building": "yes"
      },
      "geometry": {
        "type": "Polygon",
        "coordinates": [
          [
            [
              24.5250644,
              54.8760667
            ],
            [
              24.5249421,
              54.8759743
            ],
            [
              24.5250418,
              54.8759306
            ],
            [
              24.5251641,
              54.876023
            ],
            [
              24.5250644,
              54.8760667
            ]
          ]
        ]
      },
      "id": "way/1215736756"
    },
    {
      "type": "Feature",
      "properties": {
        "@id": "way/1215736757",
        "addr:city": "Gudzenka",
        "addr:housenumber": "1",
        "addr:postcode": "56104",
        "addr:street": "Tylioji g.",
        "building": "yes"
      },
      "geometry": {
        "type": "Polygon",
        "coordinates": [
          [
            [
              24.5248006,
              54.8755907
            ],
            [
              24.5247387,
              54.8755467
            ],
            [
              24.5247687,
              54.8755327
            ],
            [
              24.5247512,
              54.8755203
            ],
            [
              24.5247926,
              54.875501
            ],
            [
              24.5248102,
              54.8755135
            ],
            [
              24.5248404,
              54.8754994
            ],
            [
              24.5249023,
              54.8755434
            ],
            [
              24.5248006,
              54.8755907
            ]
          ]
        ]
      },
      "id": "way/1215736757"
    },
    {
      "type": "Feature",
      "properties": {
        "@id": "way/1215736758",
        "building": "yes"
      },
      "geometry": {
        "type": "Polygon",
        "coordinates": [
          [
            [
              24.5249846,
              54.8757365
            ],
            [
              24.524908,
              54.8756857
            ],
            [
              24.5251152,
              54.8755823
            ],
            [
              24.5251918,
              54.8756331
            ],
            [
              24.5249846,
              54.8757365
            ]
          ]
        ]
      },
      "id": "way/1215736758"
    },
    {
      "type": "Feature",
      "properties": {
        "@id": "way/1215736759",
        "building": "yes"
      },
      "geometry": {
        "type": "Polygon",
        "coordinates": [
          [
            [
              24.5252212,
              54.8754771
            ],
            [
              24.5251877,
              54.87545
            ],
            [
              24.5253292,
              54.875392
            ],
            [
              24.5253627,
              54.875419
            ],
            [
              24.5253334,
              54.875431
            ],
            [
              24.5253603,
              54.8754528
            ],
            [
              24.5252731,
              54.8754886
            ],
            [
              24.5252461,
              54.8754668
            ],
            [
              24.5252212,
              54.8754771
            ]
          ]
        ]
      },
      "id": "way/1215736759"
    },
    {
      "type": "Feature",
      "properties": {
        "@id": "way/1215736760",
        "addr:city": "Gudzenka",
        "addr:housenumber": "1",
        "addr:postcode": "56104",
        "addr:street": "Taikos g.",
        "building": "yes"
      },
      "geometry": {
        "type": "Polygon",
        "coordinates": [
          [
            [
              24.5243734,
              54.8751852
            ],
            [
              24.5242891,
              54.8751305
            ],
            [
              24.5243247,
              54.8751123
            ],
            [
              24.5242969,
              54.8750943
            ],
            [
              24.5243833,
              54.8750502
            ],
            [
              24.5244954,
              54.8751231
            ],
            [
              24.524459,
              54.8751416
            ],
            [
              24.524482,
              54.8751565
            ],
            [
              24.5244321,
              54.8751819
            ],
            [
              24.5244092,
              54.875167
            ],
            [
              24.5243734,
              54.8751852
            ]
          ]
        ]
      },
      "id": "way/1215736760"
    },
    {
      "type": "Feature",
      "properties": {
        "@id": "way/1215736761",
        "building": "yes"
      },
      "geometry": {
        "type": "Polygon",
        "coordinates": [
          [
            [
              24.5244442,
              54.8750406
            ],
            [
              24.524383,
              54.8750002
            ],
            [
              24.5244013,
              54.874991
            ],
            [
              24.5243545,
              54.8749601
            ],
            [
              24.5244328,
              54.8749209
            ],
            [
              24.5244853,
              54.8749556
            ],
            [
              24.5244372,
              54.8749797
            ],
            [
              24.5244927,
              54.8750164
            ],
            [
              24.5244442,
              54.8750406
            ]
          ]
        ]
      },
      "id": "way/1215736761"
    },
    {
      "type": "Feature",
      "properties": {
        "@id": "way/1215736762",
        "building": "yes"
      },
      "geometry": {
        "type": "Polygon",
        "coordinates": [
          [
            [
              24.524563,
              54.8750063
            ],
            [
              24.5245096,
              54.8749711
            ],
            [
              24.5245319,
              54.8749599
            ],
            [
              24.5243618,
              54.8748476
            ],
            [
              24.5244534,
              54.8748017
            ],
            [
              24.5246343,
              54.8749211
            ],
            [
              24.5245861,
              54.8749453
            ],
            [
              24.5246287,
              54.8749734
            ],
            [
              24.524563,
              54.8750063
            ]
          ]
        ]
      },
      "id": "way/1215736762"
    },
    {
      "type": "Feature",
      "properties": {
        "@id": "way/1215736763",
        "addr:city": "Gudzenka",
        "addr:housenumber": "3",
        "addr:postcode": "56104",
        "addr:street": "Taikos g.",
        "building": "yes"
      },
      "geometry": {
        "type": "Polygon",
        "coordinates": [
          [
            [
              24.5238306,
              54.8748706
            ],
            [
              24.5237932,
              54.8748468
            ],
            [
              24.5237716,
              54.874858
            ],
            [
              24.5237344,
              54.8748342
            ],
            [
              24.523756,
              54.874823
            ],
            [
              24.5237171,
              54.8747981
            ],
            [
              24.5238277,
              54.8747408
            ],
            [
              24.5238714,
              54.8747687
            ],
            [
              24.523898,
              54.8747549
            ],
            [
              24.5239605,
              54.8747948
            ],
            [
              24.5239339,
              54.8748086
            ],
            [
              24.5239412,
              54.8748133
            ],
            [
              24.5238306,
              54.8748706
            ]
          ]
        ]
      },
      "id": "way/1215736763"
    },
    {
      "type": "Feature",
      "properties": {
        "@id": "way/1215736764",
        "building": "yes"
      },
      "geometry": {
        "type": "Polygon",
        "coordinates": [
          [
            [
              24.5241296,
              54.8748064
            ],
            [
              24.5240488,
              54.8747481
            ],
            [
              24.524131,
              54.8747104
            ],
            [
              24.5240379,
              54.8746432
            ],
            [
              24.5241599,
              54.8745871
            ],
            [
              24.5242902,
              54.8746811
            ],
            [
              24.5242464,
              54.8747013
            ],
            [
              24.52429,
              54.8747328
            ],
            [
              24.5241296,
              54.8748064
            ]
          ]
        ]
      },
      "id": "way/1215736764"
    },
    {
      "type": "Feature",
      "properties": {
        "@id": "way/1215736765",
        "building": "yes"
      },
      "geometry": {
        "type": "Polygon",
        "coordinates": [
          [
            [
              24.5239716,
              54.8747581
            ],
            [
              24.5238824,
              54.8746994
            ],
            [
              24.5239373,
              54.8746718
            ],
            [
              24.5240265,
              54.8747305
            ],
            [
              24.5239716,
              54.8747581
            ]
          ]
        ]
      },
      "id": "way/1215736765"
    },
    {
      "type": "Feature",
      "properties": {
        "@id": "way/1215736766",
        "addr:city": "Gudzenka",
        "addr:housenumber": "5",
        "addr:postcode": "56104",
        "addr:street": "Taikos g.",
        "building": "yes"
      },
      "geometry": {
        "type": "Polygon",
        "coordinates": [
          [
            [
              24.5234456,
              54.8746117
            ],
            [
              24.5235518,
              54.8745577
            ],
            [
              24.5235883,
              54.8745815
            ],
            [
              24.5236201,
              54.8745653
            ],
            [
              24.5236803,
              54.8746045
            ],
            [
              24.5236485,
              54.8746206
            ],
            [
              24.5236936,
              54.87465
            ],
            [
              24.5235874,
              54.874704
            ],
            [
              24.5234456,
              54.8746117
            ]
          ]
        ]
      },
      "id": "way/1215736766"
    },
    {
      "type": "Feature",
      "properties": {
        "@id": "way/1215736767",
        "building": "yes"
      },
      "geometry": {
        "type": "Polygon",
        "coordinates": [
          [
            [
              24.5243383,
              54.8746245
            ],
            [
              24.524282,
              54.874584
            ],
            [
              24.5243701,
              54.8745434
            ],
            [
              24.5244265,
              54.874584
            ],
            [
              24.5243383,
              54.8746245
            ]
          ]
        ]
      },
      "id": "way/1215736767"
    },
    {
      "type": "Feature",
      "properties": {
        "@id": "way/1215736768",
        "building": "yes"
      },
      "geometry": {
        "type": "Polygon",
        "coordinates": [
          [
            [
              24.5241311,
              54.8745853
            ],
            [
              24.5240369,
              54.8745279
            ],
            [
              24.5241108,
              54.8744878
            ],
            [
              24.524205,
              54.8745452
            ],
            [
              24.5241311,
              54.8745853
            ]
          ]
        ]
      },
      "id": "way/1215736768"
    },
    {
      "type": "Feature",
      "properties": {
        "@id": "way/1215736769",
        "building": "yes"
      },
      "geometry": {
        "type": "Polygon",
        "coordinates": [
          [
            [
              24.5238303,
              54.8745218
            ],
            [
              24.5237639,
              54.8744765
            ],
            [
              24.523739,
              54.8744886
            ],
            [
              24.5237038,
              54.8744646
            ],
            [
              24.5237287,
              54.8744526
            ],
            [
              24.5235966,
              54.8743625
            ],
            [
              24.5236906,
              54.8743168
            ],
            [
              24.5238553,
              54.8744291
            ],
            [
              24.5239008,
              54.874407
            ],
            [
              24.5239698,
              54.874454
            ],
            [
              24.5238303,
              54.8745218
            ]
          ]
        ]
      },
      "id": "way/1215736769"
    },
    {
      "type": "Feature",
      "properties": {
        "@id": "way/1215736770",
        "addr:city": "Gudzenka",
        "addr:housenumber": "7",
        "addr:postcode": "56104",
        "addr:street": "Taikos g.",
        "building": "yes"
      },
      "geometry": {
        "type": "Polygon",
        "coordinates": [
          [
            [
              24.5232399,
              54.8745175
            ],
            [
              24.5231375,
              54.8744491
            ],
            [
              24.523284,
              54.8743765
            ],
            [
              24.5233864,
              54.8744449
            ],
            [
              24.5232399,
              54.8745175
            ]
          ]
        ]
      },
      "id": "way/1215736770"
    },
    {
      "type": "Feature",
      "properties": {
        "@id": "way/1215736771",
        "building": "yes"
      },
      "geometry": {
        "type": "Polygon",
        "coordinates": [
          [
            [
              24.5235197,
              54.8744847
            ],
            [
              24.5234588,
              54.8744443
            ],
            [
              24.5235724,
              54.8743876
            ],
            [
              24.5236333,
              54.8744281
            ],
            [
              24.5235197,
              54.8744847
            ]
          ]
        ]
      },
      "id": "way/1215736771"
    },
    {
      "type": "Feature",
      "properties": {
        "@id": "way/1215736772",
        "building": "yes"
      },
      "geometry": {
        "type": "Polygon",
        "coordinates": [
          [
            [
              24.5234892,
              54.8743497
            ],
            [
              24.5234508,
              54.8743213
            ],
            [
              24.5235096,
              54.874295
            ],
            [
              24.5235479,
              54.8743234
            ],
            [
              24.5234892,
              54.8743497
            ]
          ]
        ]
      },
      "id": "way/1215736772"
    },
    {
      "type": "Feature",
      "properties": {
        "@id": "way/1215736773",
        "addr:city": "Gudzenka",
        "addr:housenumber": "9",
        "addr:postcode": "56104",
        "addr:street": "Taikos g.",
        "building": "yes"
      },
      "geometry": {
        "type": "Polygon",
        "coordinates": [
          [
            [
              24.5228111,
              54.8740931
            ],
            [
              24.5229115,
              54.8740456
            ],
            [
              24.522977,
              54.8740915
            ],
            [
              24.5229401,
              54.874109
            ],
            [
              24.5229557,
              54.8741199
            ],
            [
              24.5227931,
              54.8741968
            ],
            [
              24.5227546,
              54.8741698
            ],
            [
              24.5227292,
              54.8741818
            ],
            [
              24.5226892,
              54.8741538
            ],
            [
              24.5227146,
              54.8741418
            ],
            [
              24.5226705,
              54.874111
            ],
            [
              24.5227697,
              54.8740641
            ],
            [
              24.5228111,
              54.8740931
            ]
          ]
        ]
      },
      "id": "way/1215736773"
    },
    {
      "type": "Feature",
      "properties": {
        "@id": "way/1215736774",
        "building": "yes"
      },
      "geometry": {
        "type": "Polygon",
        "coordinates": [
          [
            [
              24.5228675,
              54.8740427
            ],
            [
              24.5228115,
              54.8740036
            ],
            [
              24.522888,
              54.8739674
            ],
            [
              24.5229249,
              54.8739932
            ],
            [
              24.5228866,
              54.8740113
            ],
            [
              24.5229056,
              54.8740246
            ],
            [
              24.5228675,
              54.8740427
            ]
          ]
        ]
      },
      "id": "way/1215736774"
    },
    {
      "type": "Feature",
      "properties": {
        "@id": "way/1215736775",
        "building": "yes"
      },
      "geometry": {
        "type": "Polygon",
        "coordinates": [
          [
            [
              24.523046,
              54.8740712
            ],
            [
              24.5229136,
              54.8739786
            ],
            [
              24.5229958,
              54.8739397
            ],
            [
              24.5230552,
              54.8739813
            ],
            [
              24.5230717,
              54.8739735
            ],
            [
              24.5231447,
              54.8740245
            ],
            [
              24.523046,
              54.8740712
            ]
          ]
        ]
      },
      "id": "way/1215736775"
    },
    {
      "type": "Feature",
      "properties": {
        "@id": "way/1215736776",
        "addr:city": "Gudzenka",
        "addr:housenumber": "11",
        "addr:postcode": "56104",
        "addr:street": "Taikos g.",
        "building": "yes"
      },
      "geometry": {
        "type": "Polygon",
        "coordinates": [
          [
            [
              24.5225203,
              54.8740259
            ],
            [
              24.522487,
              54.8740027
            ],
            [
              24.5224681,
              54.8740117
            ],
            [
              24.5224241,
              54.873981
            ],
            [
              24.5224431,
              54.873972
            ],
            [
              24.5224087,
              54.8739481
            ],
            [
              24.5225618,
              54.8738754
            ],
            [
              24.5226734,
              54.8739533
            ],
            [
              24.5225203,
              54.8740259
            ]
          ]
        ]
      },
      "id": "way/1215736776"
    },
    {
      "type": "Feature",
      "properties": {
        "@id": "way/1215736777",
        "building": "yes"
      },
      "geometry": {
        "type": "Polygon",
        "coordinates": [
          [
            [
              24.522693,
              54.8740393
            ],
            [
              24.5226401,
              54.8740006
            ],
            [
              24.5227004,
              54.8739733
            ],
            [
              24.5227533,
              54.874012
            ],
            [
              24.522693,
              54.8740393
            ]
          ]
        ]
      },
      "id": "way/1215736777"
    },
    {
      "type": "Feature",
      "properties": {
        "@id": "way/1215736778",
        "building": "yes"
      },
      "geometry": {
        "type": "Polygon",
        "coordinates": [
          [
            [
              24.5229832,
              54.8739002
            ],
            [
              24.5229295,
              54.8738583
            ],
            [
              24.5230074,
              54.8738252
            ],
            [
              24.5229857,
              54.8738082
            ],
            [
              24.5230716,
              54.8737718
            ],
            [
              24.523084,
              54.8737815
            ],
            [
              24.5231229,
              54.873765
            ],
            [
              24.5231702,
              54.8738018
            ],
            [
              24.5231313,
              54.8738183
            ],
            [
              24.5231471,
              54.8738306
            ],
            [
              24.5229832,
              54.8739002
            ]
          ]
        ]
      },
      "id": "way/1215736778"
    },
    {
      "type": "Feature",
      "properties": {
        "@id": "way/1215736779",
        "building": "yes"
      },
      "geometry": {
        "type": "Polygon",
        "coordinates": [
          [
            [
              24.5231578,
              54.8737295
            ],
            [
              24.5230516,
              54.8736616
            ],
            [
              24.523162,
              54.8736044
            ],
            [
              24.5232682,
              54.8736723
            ],
            [
              24.5231578,
              54.8737295
            ]
          ]
        ]
      },
      "id": "way/1215736779"
    },
    {
      "type": "Feature",
      "properties": {
        "@id": "way/1215736780",
        "building": "yes"
      },
      "geometry": {
        "type": "Polygon",
        "coordinates": [
          [
            [
              24.5227949,
              54.8737524
            ],
            [
              24.5227337,
              54.8737098
            ],
            [
              24.5227969,
              54.8736798
            ],
            [
              24.522858,
              54.8737225
            ],
            [
              24.5227949,
              54.8737524
            ]
          ]
        ]
      },
      "id": "way/1215736780"
    },
    {
      "type": "Feature",
      "properties": {
        "@id": "way/1215736781",
        "building": "yes"
      },
      "geometry": {
        "type": "Polygon",
        "coordinates": [
          [
            [
              24.5226326,
              54.8737811
            ],
            [
              24.5227143,
              54.873741
            ],
            [
              24.5228803,
              54.8738529
            ],
            [
              24.5227985,
              54.873893
            ],
            [
              24.5226326,
              54.8737811
            ]
          ]
        ]
      },
      "id": "way/1215736781"
    },
    {
      "type": "Feature",
      "properties": {
        "@id": "way/1215736782",
        "building": "yes"
      },
      "geometry": {
        "type": "Polygon",
        "coordinates": [
          [
            [
              24.5226333,
              54.8737954
            ],
            [
              24.5225172,
              54.8738526
            ],
            [
              24.5224611,
              54.8738149
            ],
            [
              24.522442,
              54.8738244
            ],
            [
              24.5223806,
              54.8737831
            ],
            [
              24.5225158,
              54.8737165
            ],
            [
              24.5226333,
              54.8737954
            ]
          ]
        ]
      },
      "id": "way/1215736782"
    },
    {
      "type": "Feature",
      "properties": {
        "@id": "way/1215736783",
        "building": "yes"
      },
      "geometry": {
        "type": "Polygon",
        "coordinates": [
          [
            [
              24.5225414,
              54.8737194
            ],
            [
              24.5224972,
              54.873688
            ],
            [
              24.5224783,
              54.8736968
            ],
            [
              24.5223745,
              54.8736229
            ],
            [
              24.5224691,
              54.8735789
            ],
            [
              24.5226171,
              54.8736841
            ],
            [
              24.5225414,
              54.8737194
            ]
          ]
        ]
      },
      "id": "way/1215736783"
    },
    {
      "type": "Feature",
      "properties": {
        "@id": "way/1215736784",
        "building": "yes"
      },
      "geometry": {
        "type": "Polygon",
        "coordinates": [
          [
            [
              24.5222805,
              54.8736995
            ],
            [
              24.5222324,
              54.8736629
            ],
            [
              24.5223357,
              54.8736178
            ],
            [
              24.5223839,
              54.8736544
            ],
            [
              24.5222805,
              54.8736995
            ]
          ]
        ]
      },
      "id": "way/1215736784"
    },
    {
      "type": "Feature",
      "properties": {
        "@id": "way/1215736785",
        "addr:city": "Gudzenka",
        "addr:housenumber": "13",
        "addr:postcode": "56104",
        "addr:street": "Taikos g.",
        "building": "yes"
      },
      "geometry": {
        "type": "Polygon",
        "coordinates": [
          [
            [
              24.5222157,
              54.8738222
            ],
            [
              24.5221813,
              54.8737979
            ],
            [
              24.5221452,
              54.8738148
            ],
            [
              24.5220976,
              54.873781
            ],
            [
              24.5221337,
              54.8737641
            ],
            [
              24.5220944,
              54.8737363
            ],
            [
              24.5222126,
              54.8736811
            ],
            [
              24.5222625,
              54.8737164
            ],
            [
              24.5222991,
              54.8736993
            ],
            [
              24.5223495,
              54.8737351
            ],
            [
              24.5223233,
              54.8737473
            ],
            [
              24.5223442,
              54.8737622
            ],
            [
              24.5222157,
              54.8738222
            ]
          ]
        ]
      },
      "id": "way/1215736785"
    },
    {
      "type": "Feature",
      "properties": {
        "@id": "way/1215736786",
        "building": "yes"
      },
      "geometry": {
        "type": "Polygon",
        "coordinates": [
          [
            [
              24.5223354,
              54.8735901
            ],
            [
              24.5222597,
              54.8735375
            ],
            [
              24.5226287,
              54.8733617
            ],
            [
              24.5226567,
              54.8733811
            ],
            [
              24.5226032,
              54.8734066
            ],
            [
              24.5226666,
              54.8734507
            ],
            [
              24.5225699,
              54.8734967
            ],
            [
              24.5225417,
              54.8734771
            ],
            [
              24.5224486,
              54.8735215
            ],
            [
              24.5224611,
              54.8735302
            ],
            [
              24.5223354,
              54.8735901
            ]
          ]
        ]
      },
      "id": "way/1215736786"
    },
    {
      "type": "Feature",
      "properties": {
        "@id": "way/1215736787",
        "addr:city": "Gudzenka",
        "addr:housenumber": "15",
        "addr:postcode": "56104",
        "addr:street": "Taikos g.",
        "building": "yes"
      },
      "geometry": {
        "type": "Polygon",
        "coordinates": [
          [
            [
              24.5217722,
              54.8735329
            ],
            [
              24.5218706,
              54.8734814
            ],
            [
              24.5218852,
              54.8734906
            ],
            [
              24.5219411,
              54.8734614
            ],
            [
              24.5220196,
              54.8735111
            ],
            [
              24.5219687,
              54.8735377
            ],
            [
              24.5220021,
              54.8735588
            ],
            [
              24.5218986,
              54.8736129
            ],
            [
              24.5218579,
              54.8735871
            ],
            [
              24.5218305,
              54.8736014
            ],
            [
              24.521784,
              54.873572
            ],
            [
              24.5218113,
              54.8735577
            ],
            [
              24.5217722,
              54.8735329
            ]
          ]
        ]
      },
      "id": "way/1215736787"
    },
    {
      "type": "Feature",
      "properties": {
        "@id": "way/1215736788",
        "building": "yes"
      },
      "geometry": {
        "type": "Polygon",
        "coordinates": [
          [
            [
              24.5221621,
              54.8734771
            ],
            [
              24.5219942,
              54.8733682
            ],
            [
              24.5220995,
              54.8733145
            ],
            [
              24.5221873,
              54.8733714
            ],
            [
              24.5222242,
              54.8733526
            ],
            [
              24.5223042,
              54.8734045
            ],
            [
              24.5221621,
              54.8734771
            ]
          ]
        ]
      },
      "id": "way/1215736788"
    },
    {
      "type": "Feature",
      "properties": {
        "@id": "way/1215736795",
        "building": "yes"
      },
      "geometry": {
        "type": "Polygon",
        "coordinates": [
          [
            [
              24.5223996,
              54.8730587
            ],
            [
              24.5223298,
              54.8730073
            ],
            [
              24.5223965,
              54.8729774
            ],
            [
              24.5224663,
              54.8730288
            ],
            [
              24.5223996,
              54.8730587
            ]
          ]
        ]
      },
      "id": "way/1215736795"
    },
    {
      "type": "Feature",
      "properties": {
        "@id": "way/1215736796",
        "addr:city": "Gudzenka",
        "addr:housenumber": "17",
        "addr:postcode": "56104",
        "addr:street": "Taikos g.",
        "building": "yes"
      },
      "geometry": {
        "type": "Polygon",
        "coordinates": [
          [
            [
              24.521547,
              54.8733917
            ],
            [
              24.5215176,
              54.8733707
            ],
            [
              24.5214936,
              54.8733818
            ],
            [
              24.5214462,
              54.8733479
            ],
            [
              24.5214702,
              54.8733368
            ],
            [
              24.521441,
              54.8733159
            ],
            [
              24.5215854,
              54.8732491
            ],
            [
              24.5216593,
              54.8733019
            ],
            [
              24.5216218,
              54.8733193
            ],
            [
              24.5216539,
              54.8733422
            ],
            [
              24.521547,
              54.8733917
            ]
          ]
        ]
      },
      "id": "way/1215736796"
    },
    {
      "type": "Feature",
      "properties": {
        "@id": "way/1215736797",
        "building": "yes"
      },
      "geometry": {
        "type": "Polygon",
        "coordinates": [
          [
            [
              24.52186,
              54.8732903
            ],
            [
              24.5216501,
              54.8731252
            ],
            [
              24.5217462,
              54.8730847
            ],
            [
              24.5217803,
              54.8731114
            ],
            [
              24.5218353,
              54.8730883
            ],
            [
              24.5219491,
              54.8731777
            ],
            [
              24.5218911,
              54.8732021
            ],
            [
              24.5219532,
              54.873251
            ],
            [
              24.52186,
              54.8732903
            ]
          ]
        ]
      },
      "id": "way/1215736797"
    },
    {
      "type": "Feature",
      "properties": {
        "@id": "way/1215736798",
        "building": "yes"
      },
      "geometry": {
        "type": "Polygon",
        "coordinates": [
          [
            [
              24.5215388,
              54.8731795
            ],
            [
              24.5214798,
              54.873136
            ],
            [
              24.5215252,
              54.8731156
            ],
            [
              24.5215842,
              54.8731591
            ],
            [
              24.5215388,
              54.8731795
            ]
          ]
        ]
      },
      "id": "way/1215736798"
    },
    {
      "type": "Feature",
      "properties": {
        "@id": "way/1215736799",
        "addr:city": "Gudzenka",
        "addr:housenumber": "19",
        "addr:postcode": "56104",
        "addr:street": "Taikos g.",
        "building": "yes"
      },
      "geometry": {
        "type": "Polygon",
        "coordinates": [
          [
            [
              24.5211084,
              54.8731377
            ],
            [
              24.5210833,
              54.8731202
            ],
            [
              24.5210607,
              54.8731309
            ],
            [
              24.521026,
              54.8731067
            ],
            [
              24.5210486,
              54.873096
            ],
            [
              24.5210124,
              54.8730707
            ],
            [
              24.5210908,
              54.8730335
            ],
            [
              24.5211057,
              54.8730439
            ],
            [
              24.5211792,
              54.873009
            ],
            [
              24.5212603,
              54.8730656
            ],
            [
              24.5211084,
              54.8731377
            ]
          ]
        ]
      },
      "id": "way/1215736799"
    },
    {
      "type": "Feature",
      "properties": {
        "@id": "way/1215736800",
        "building": "yes"
      },
      "geometry": {
        "type": "Polygon",
        "coordinates": [
          [
            [
              24.5212403,
              54.872909
            ],
            [
              24.5212049,
              54.8728811
            ],
            [
              24.5212868,
              54.8728468
            ],
            [
              24.5213222,
              54.8728747
            ],
            [
              24.5212403,
              54.872909
            ]
          ]
        ]
      },
      "id": "way/1215736800"
    },
    {
      "type": "Feature",
      "properties": {
        "@id": "way/1215736801",
        "building": "yes"
      },
      "geometry": {
        "type": "Polygon",
        "coordinates": [
          [
            [
              24.521395,
              54.8729953
            ],
            [
              24.5212862,
              54.8729059
            ],
            [
              24.5214179,
              54.8728528
            ],
            [
              24.5215267,
              54.8729422
            ],
            [
              24.521395,
              54.8729953
            ]
          ]
        ]
      },
      "id": "way/1215736801"
    },
    {
      "type": "Feature",
      "properties": {
        "@id": "way/1215736802",
        "addr:city": "Gudzenka",
        "addr:housenumber": "21",
        "addr:postcode": "56104",
        "addr:street": "Taikos g.",
        "building": "yes"
      },
      "geometry": {
        "type": "Polygon",
        "coordinates": [
          [
            [
              24.5208392,
              54.8729469
            ],
            [
              24.520814,
              54.8729289
            ],
            [
              24.5207937,
              54.8729383
            ],
            [
              24.5207583,
              54.872913
            ],
            [
              24.5207786,
              54.8729036
            ],
            [
              24.5207547,
              54.8728865
            ],
            [
              24.5208355,
              54.8728491
            ],
            [
              24.520869,
              54.8728731
            ],
            [
              24.520926,
              54.8728467
            ],
            [
              24.5209769,
              54.8728831
            ],
            [
              24.5208392,
              54.8729469
            ]
          ]
        ]
      },
      "id": "way/1215736802"
    },
    {
      "type": "Feature",
      "properties": {
        "@id": "way/1215736803",
        "building": "yes"
      },
      "geometry": {
        "type": "Polygon",
        "coordinates": [
          [
            [
              24.5211522,
              54.8728176
            ],
            [
              24.5210588,
              54.8727428
            ],
            [
              24.5211491,
              54.8727055
            ],
            [
              24.5212425,
              54.8727802
            ],
            [
              24.5211522,
              54.8728176
            ]
          ]
        ]
      },
      "id": "way/1215736803"
    },
    {
      "type": "Feature",
      "properties": {
        "@id": "way/1215736804",
        "addr:city": "Gudzenka",
        "addr:housenumber": "23",
        "addr:postcode": "56104",
        "addr:street": "Taikos g.",
        "building": "yes"
      },
      "geometry": {
        "type": "Polygon",
        "coordinates": [
          [
            [
              24.520566,
              54.8727633
            ],
            [
              24.5205452,
              54.8727487
            ],
            [
              24.520508,
              54.8727661
            ],
            [
              24.5204602,
              54.8727324
            ],
            [
              24.5204974,
              54.872715
            ],
            [
              24.5204626,
              54.8726904
            ],
            [
              24.5205928,
              54.8726293
            ],
            [
              24.5206962,
              54.8727022
            ],
            [
              24.520566,
              54.8727633
            ]
          ]
        ]
      },
      "id": "way/1215736804"
    },
    {
      "type": "Feature",
      "properties": {
        "@id": "way/1215736805",
        "building": "yes"
      },
      "geometry": {
        "type": "Polygon",
        "coordinates": [
          [
            [
              24.5208945,
              54.8726361
            ],
            [
              24.5207866,
              54.8725476
            ],
            [
              24.5207423,
              54.8725654
            ],
            [
              24.5207027,
              54.8725329
            ],
            [
              24.5208425,
              54.8724766
            ],
            [
              24.5208878,
              54.8725138
            ],
            [
              24.5209218,
              54.8725001
            ],
            [
              24.5209786,
              54.8725467
            ],
            [
              24.5209446,
              54.8725604
            ],
            [
              24.5209899,
              54.8725976
            ],
            [
              24.5208945,
              54.8726361
            ]
          ]
        ]
      },
      "id": "way/1215736805"
    },
    {
      "type": "Feature",
      "properties": {
        "@id": "way/1215736806",
        "addr:city": "Gudzenka",
        "addr:housenumber": "25",
        "addr:postcode": "56104",
        "addr:street": "Taikos g.",
        "building": "yes"
      },
      "geometry": {
        "type": "Polygon",
        "coordinates": [
          [
            [
              24.5203436,
              54.8725975
            ],
            [
              24.5203157,
              54.8725709
            ],
            [
              24.5202804,
              54.8725832
            ],
            [
              24.5202428,
              54.8725473
            ],
            [
              24.5202781,
              54.872535
            ],
            [
              24.5202503,
              54.8725085
            ],
            [
              24.5203682,
              54.8724676
            ],
            [
              24.5203933,
              54.8724915
            ],
            [
              24.5204438,
              54.872474
            ],
            [
              24.5204996,
              54.8725272
            ],
            [
              24.520449,
              54.8725447
            ],
            [
              24.5204615,
              54.8725566
            ],
            [
              24.5203436,
              54.8725975
            ]
          ]
        ]
      },
      "id": "way/1215736806"
    },
    {
      "type": "Feature",
      "properties": {
        "@id": "way/1215736807",
        "building": "yes"
      },
      "geometry": {
        "type": "Polygon",
        "coordinates": [
          [
            [
              24.5209581,
              54.8724414
            ],
            [
              24.5209317,
              54.8724137
            ],
            [
              24.5209953,
              54.8723936
            ],
            [
              24.5210217,
              54.8724214
            ],
            [
              24.5209581,
              54.8724414
            ]
          ]
        ]
      },
      "id": "way/1215736807"
    },
    {
      "type": "Feature",
      "properties": {
        "@id": "way/1215736808",
        "building": "yes"
      },
      "geometry": {
        "type": "Polygon",
        "coordinates": [
          [
            [
              24.5206092,
              54.8724192
            ],
            [
              24.5205364,
              54.8723377
            ],
            [
              24.5207126,
              54.8722856
            ],
            [
              24.5207516,
              54.8723294
            ],
            [
              24.5206924,
              54.8723469
            ],
            [
              24.5207261,
              54.8723847
            ],
            [
              24.5206092,
              54.8724192
            ]
          ]
        ]
      },
      "id": "way/1215736808"
    },
    {
      "type": "Feature",
      "properties": {
        "@id": "way/1215736809",
        "building": "yes"
      },
      "geometry": {
        "type": "Polygon",
        "coordinates": [
          [
            [
              24.520415,
              54.8723687
            ],
            [
              24.52037,
              54.8723253
            ],
            [
              24.5204646,
              54.8722929
            ],
            [
              24.5205095,
              54.8723363
            ],
            [
              24.520415,
              54.8723687
            ]
          ]
        ]
      },
      "id": "way/1215736809"
    },
    {
      "type": "Feature",
      "properties": {
        "@id": "way/1215736810",
        "addr:city": "Gudzenka",
        "addr:housenumber": "27",
        "addr:postcode": "56104",
        "addr:street": "Taikos g.",
        "building": "yes"
      },
      "geometry": {
        "type": "Polygon",
        "coordinates": [
          [
            [
              24.5201234,
              54.8723558
            ],
            [
              24.5201077,
              54.8723335
            ],
            [
              24.5200741,
              54.8723414
            ],
            [
              24.5200533,
              54.8723118
            ],
            [
              24.5200869,
              54.872304
            ],
            [
              24.5200708,
              54.8722811
            ],
            [
              24.5202171,
              54.872247
            ],
            [
              24.5202546,
              54.8723003
            ],
            [
              24.520219,
              54.8723086
            ],
            [
              24.5202341,
              54.8723301
            ],
            [
              24.5201234,
              54.8723558
            ]
          ]
        ]
      },
      "id": "way/1215736810"
    },
    {
      "type": "Feature",
      "properties": {
        "@id": "way/1215736811",
        "building": "yes"
      },
      "geometry": {
        "type": "Polygon",
        "coordinates": [
          [
            [
              24.5204618,
              54.8722783
            ],
            [
              24.5204386,
              54.8722506
            ],
            [
              24.5204097,
              54.8722587
            ],
            [
              24.5203692,
              54.8722104
            ],
            [
              24.5203981,
              54.8722024
            ],
            [
              24.5203728,
              54.8721722
            ],
            [
              24.5204625,
              54.8721473
            ],
            [
              24.5205514,
              54.8722534
            ],
            [
              24.5204618,
              54.8722783
            ]
          ]
        ]
      },
      "id": "way/1215736811"
    },
    {
      "type": "Feature",
      "properties": {
        "@id": "way/1215736812",
        "building": "yes"
      },
      "geometry": {
        "type": "Polygon",
        "coordinates": [
          [
            [
              24.5203781,
              54.8719492
            ],
            [
              24.5204303,
              54.8720226
            ],
            [
              24.5204865,
              54.8720093
            ],
            [
              24.5205241,
              54.8720622
            ],
            [
              24.5203566,
              54.8721017
            ],
            [
              24.520325,
              54.8720573
            ],
            [
              24.5203014,
              54.8720628
            ],
            [
              24.5202857,
              54.8720408
            ],
            [
              24.5203093,
              54.8720352
            ],
            [
              24.5202667,
              54.8719755
            ],
            [
              24.5203781,
              54.8719492
            ]
          ]
        ]
      },
      "id": "way/1215736812"
    },
    {
      "type": "Feature",
      "properties": {
        "@id": "way/1215736813",
        "addr:city": "Gudzenka",
        "addr:housenumber": "29",
        "addr:postcode": "56104",
        "addr:street": "Taikos g.",
        "building": "yes"
      },
      "geometry": {
        "type": "Polygon",
        "coordinates": [
          [
            [
              24.5199842,
              54.8721639
            ],
            [
              24.5199641,
              54.8721371
            ],
            [
              24.5199323,
              54.872145
            ],
            [
              24.5199085,
              54.8721132
            ],
            [
              24.5199402,
              54.8721053
            ],
            [
              24.5199117,
              54.8720672
            ],
            [
              24.5200394,
              54.8720355
            ],
            [
              24.5200715,
              54.8720782
            ],
            [
              24.5201063,
              54.8720696
            ],
            [
              24.5201356,
              54.8721087
            ],
            [
              24.5201008,
              54.8721173
            ],
            [
              24.520112,
              54.8721322
            ],
            [
              24.5199842,
              54.8721639
            ]
          ]
        ]
      },
      "id": "way/1215736813"
    },
    {
      "type": "Feature",
      "properties": {
        "@id": "way/1215736814",
        "building": "yes"
      },
      "geometry": {
        "type": "Polygon",
        "coordinates": [
          [
            [
              24.5204019,
              54.8718715
            ],
            [
              24.5203713,
              54.8718348
            ],
            [
              24.5204512,
              54.8718128
            ],
            [
              24.5204817,
              54.8718495
            ],
            [
              24.5204019,
              54.8718715
            ]
          ]
        ]
      },
      "id": "way/1215736814"
    },
    {
      "type": "Feature",
      "properties": {
        "@id": "way/1215736815",
        "addr:city": "Gudzenka",
        "addr:housenumber": "31",
        "addr:postcode": "56104",
        "addr:street": "Taikos g.",
        "building": "yes"
      },
      "geometry": {
        "type": "Polygon",
        "coordinates": [
          [
            [
              24.5203255,
              54.8717934
            ],
            [
              24.520242,
              54.8717171
            ],
            [
              24.5203428,
              54.8716806
            ],
            [
              24.5204263,
              54.8717569
            ],
            [
              24.5203255,
              54.8717934
            ]
          ]
        ]
      },
      "id": "way/1215736815"
    },
    {
      "type": "Feature",
      "properties": {
        "@id": "way/1215736816",
        "building": "yes"
      },
      "geometry": {
        "type": "Polygon",
        "coordinates": [
          [
            [
              24.5196521,
              54.8718947
            ],
            [
              24.5196112,
              54.8718437
            ],
            [
              24.5197237,
              54.8718138
            ],
            [
              24.5197646,
              54.8718648
            ],
            [
              24.5196521,
              54.8718947
            ]
          ]
        ]
      },
      "id": "way/1215736816"
    },
    {
      "type": "Feature",
      "properties": {
        "@id": "way/1282878136",
        "addr:city": "Rečionys",
        "addr:housenumber": "2",
        "addr:postcode": "56104",
        "addr:street": "Laukų g.",
        "building": "yes"
      },
      "geometry": {
        "type": "Polygon",
        "coordinates": [
          [
            [
              24.5208444,
              54.8710561
            ],
            [
              24.5207651,
              54.8710742
            ],
            [
              24.5207513,
              54.8710542
            ],
            [
              24.5207247,
              54.8710603
            ],
            [
              24.5206809,
              54.870997
            ],
            [
              24.5207675,
              54.8709772
            ],
            [
              24.5208043,
              54.8710304
            ],
            [
              24.5208236,
              54.871026
            ],
            [
              24.5208444,
              54.8710561
            ]
          ]
        ]
      },
      "id": "way/1282878136"
    },
    {
      "type": "Feature",
      "properties": {
        "@id": "way/1283216011",
        "building": "yes"
      },
      "geometry": {
        "type": "Polygon",
        "coordinates": [
          [
            [
              24.5197129,
              54.874952
            ],
            [
              24.5196376,
              54.874901
            ],
            [
              24.5197653,
              54.8748385
            ],
            [
              24.5198406,
              54.8748894
            ],
            [
              24.5197129,
              54.874952
            ]
          ]
        ]
      },
      "id": "way/1283216011"
    },
    {
      "type": "Feature",
      "properties": {
        "@id": "way/1283216014",
        "addr:city": "Gudzenka",
        "addr:housenumber": "18",
        "addr:postcode": "56104",
        "addr:street": "Tylioji g.",
        "building": "yes"
      },
      "geometry": {
        "type": "Polygon",
        "coordinates": [
          [
            [
              24.5159724,
              54.8775259
            ],
            [
              24.5155746,
              54.8774774
            ],
            [
              24.5157907,
              54.8768907
            ],
            [
              24.5161885,
              54.8769392
            ],
            [
              24.5159724,
              54.8775259
            ]
          ]
        ]
      },
      "id": "way/1283216014"
    },
    {
      "type": "Feature",
      "properties": {
        "@id": "way/1283216015",
        "building": "yes"
      },
      "geometry": {
        "type": "Polygon",
        "coordinates": [
          [
            [
              24.5170154,
              54.8712721
            ],
            [
              24.5169782,
              54.8712226
            ],
            [
              24.5170458,
              54.8712058
            ],
            [
              24.5170829,
              54.8712553
            ],
            [
              24.5170154,
              54.8712721
            ]
          ]
        ]
      },
      "id": "way/1283216015"
    },
    {
      "type": "Feature",
      "properties": {
        "@id": "way/1283216016",
        "addr:city": "Gudzenka",
        "addr:housenumber": "30",
        "addr:postcode": "56104",
        "addr:street": "Taikos g.",
        "building": "house"
      },
      "geometry": {
        "type": "Polygon",
        "coordinates": [
          [
            [
              24.5184597,
              54.8716986
            ],
            [
              24.5183233,
              54.8717307
            ],
            [
              24.5182895,
              54.8716831
            ],
            [
              24.5183259,
              54.8716745
            ],
            [
              24.5183005,
              54.8716387
            ],
            [
              24.5184004,
              54.8716152
            ],
            [
              24.5184163,
              54.8716375
            ],
            [
              24.5184506,
              54.8716294
            ],
            [
              24.5184777,
              54.8716675
            ],
            [
              24.5184434,
              54.8716756
            ],
            [
              24.5184597,
              54.8716986
            ]
          ]
        ]
      },
      "id": "way/1283216016"
    },
    {
      "type": "Feature",
      "properties": {
        "@id": "way/1283216017",
        "building": "yes"
      },
      "geometry": {
        "type": "Polygon",
        "coordinates": [
          [
            [
              24.5179808,
              54.8718467
            ],
            [
              24.5178763,
              54.8716957
            ],
            [
              24.5179793,
              54.8716721
            ],
            [
              24.5180838,
              54.8718232
            ],
            [
              24.5179808,
              54.8718467
            ]
          ]
        ]
      },
      "id": "way/1283216017"
    },
    {
      "type": "Feature",
      "properties": {
        "@id": "way/1283216018",
        "building": "greenhouse"
      },
      "geometry": {
        "type": "Polygon",
        "coordinates": [
          [
            [
              24.5173748,
              54.8716118
            ],
            [
              24.5173287,
              54.8716213
            ],
            [
              24.5173122,
              54.8715949
            ],
            [
              24.5173584,
              54.8715853
            ],
            [
              24.5173748,
              54.8716118
            ]
          ]
        ]
      },
      "id": "way/1283216018"
    },
    {
      "type": "Feature",
      "properties": {
        "@id": "way/1283216019",
        "building": "yes"
      },
      "geometry": {
        "type": "Polygon",
        "coordinates": [
          [
            [
              24.5180714,
              54.8713705
            ],
            [
              24.5179588,
              54.871395
            ],
            [
              24.5179307,
              54.8713524
            ],
            [
              24.5180433,
              54.8713278
            ],
            [
              24.5180714,
              54.8713705
            ]
          ]
        ]
      },
      "id": "way/1283216019"
    },
    {
      "type": "Feature",
      "properties": {
        "@id": "way/1283216020",
        "addr:city": "Gudzenka",
        "addr:housenumber": "32",
        "addr:postcode": "56104",
        "addr:street": "Taikos g.",
        "building": "house"
      },
      "geometry": {
        "type": "Polygon",
        "coordinates": [
          [
            [
              24.5183922,
              54.871419
            ],
            [
              24.5182274,
              54.8714605
            ],
            [
              24.5181661,
              54.8713801
            ],
            [
              24.5183309,
              54.8713385
            ],
            [
              24.5183488,
              54.871362
            ],
            [
              24.5183808,
              54.8713539
            ],
            [
              24.5184045,
              54.871385
            ],
            [
              24.5183724,
              54.8713931
            ],
            [
              24.5183922,
              54.871419
            ]
          ]
        ]
      },
      "id": "way/1283216020"
    },
    {
      "type": "Feature",
      "properties": {
        "@id": "way/1283216022",
        "building": "yes"
      },
      "geometry": {
        "type": "Polygon",
        "coordinates": [
          [
            [
              24.517687,
              54.8713332
            ],
            [
              24.5175652,
              54.871358
            ],
            [
              24.5175265,
              54.8712949
            ],
            [
              24.5176482,
              54.8712701
            ],
            [
              24.517687,
              54.8713332
            ]
          ]
        ]
      },
      "id": "way/1283216022"
    },
    {
      "type": "Feature",
      "properties": {
        "@id": "way/1283216023",
        "building": "yes"
      },
      "geometry": {
        "type": "Polygon",
        "coordinates": [
          [
            [
              24.5179017,
              54.8712771
            ],
            [
              24.5177898,
              54.8713035
            ],
            [
              24.5177606,
              54.8712625
            ],
            [
              24.5177222,
              54.8712716
            ],
            [
              24.5176466,
              54.8711656
            ],
            [
              24.5177968,
              54.8711301
            ],
            [
              24.5179017,
              54.8712771
            ]
          ]
        ]
      },
      "id": "way/1283216023"
    },
    {
      "type": "Feature",
      "properties": {
        "@id": "way/1283216024",
        "building": "yes"
      },
      "geometry": {
        "type": "Polygon",
        "coordinates": [
          [
            [
              24.517865,
              54.8711716
            ],
            [
              24.5178168,
              54.8711201
            ],
            [
              24.517899,
              54.8710946
            ],
            [
              24.5179472,
              54.8711461
            ],
            [
              24.517865,
              54.8711716
            ]
          ]
        ]
      },
      "id": "way/1283216024"
    },
    {
      "type": "Feature",
      "properties": {
        "@id": "way/1283216025",
        "addr:city": "Rečionys",
        "addr:housenumber": "5",
        "addr:postcode": "56104",
        "addr:street": "Laukų g.",
        "building": "house"
      },
      "geometry": {
        "type": "Polygon",
        "coordinates": [
          [
            [
              24.518207,
              54.8711718
            ],
            [
              24.5180839,
              54.8712051
            ],
            [
              24.5180721,
              54.8711907
            ],
            [
              24.518008,
              54.8712081
            ],
            [
              24.5179571,
              54.8711458
            ],
            [
              24.5179965,
              54.8711351
            ],
            [
              24.5179609,
              54.8710916
            ],
            [
              24.5180192,
              54.8710758
            ],
            [
              24.5180548,
              54.8711194
            ],
            [
              24.5181444,
              54.8710951
            ],
            [
              24.5181628,
              54.8711176
            ],
            [
              24.5181938,
              54.8711092
            ],
            [
              24.5182169,
              54.8711375
            ],
            [
              24.5181858,
              54.8711459
            ],
            [
              24.518207,
              54.8711718
            ]
          ]
        ]
      },
      "id": "way/1283216025"
    },
    {
      "type": "Feature",
      "properties": {
        "@id": "way/1283216026",
        "building": "yes"
      },
      "geometry": {
        "type": "Polygon",
        "coordinates": [
          [
            [
              24.5177029,
              54.8710127
            ],
            [
              24.5175992,
              54.871037
            ],
            [
              24.5175217,
              54.8709275
            ],
            [
              24.5176254,
              54.8709032
            ],
            [
              24.5177029,
              54.8710127
            ]
          ]
        ]
      },
      "id": "way/1283216026"
    },
    {
      "type": "Feature",
      "properties": {
        "@id": "way/1283216027",
        "addr:city": "Rečionys",
        "addr:housenumber": "7",
        "addr:postcode": "56104",
        "addr:street": "Laukų g.",
        "building": "house"
      },
      "geometry": {
        "type": "Polygon",
        "coordinates": [
          [
            [
              24.5180148,
              54.8709255
            ],
            [
              24.5178855,
              54.8709557
            ],
            [
              24.5178762,
              54.8709425
            ],
            [
              24.5178138,
              54.870957
            ],
            [
              24.5177568,
              54.870876
            ],
            [
              24.5178207,
              54.8708611
            ],
            [
              24.517831,
              54.8708757
            ],
            [
              24.5179587,
              54.870846
            ],
            [
              24.517974,
              54.8708676
            ],
            [
              24.5179997,
              54.8708616
            ],
            [
              24.5180204,
              54.870891
            ],
            [
              24.5179947,
              54.870897
            ],
            [
              24.5180148,
              54.8709255
            ]
          ]
        ]
      },
      "id": "way/1283216027"
    },
    {
      "type": "Feature",
      "properties": {
        "@id": "way/1283216028",
        "building": "yes"
      },
      "geometry": {
        "type": "Polygon",
        "coordinates": [
          [
            [
              24.517738,
              54.8707041
            ],
            [
              24.5175172,
              54.8707603
            ],
            [
              24.5174837,
              54.8707167
            ],
            [
              24.5174578,
              54.8707233
            ],
            [
              24.5173716,
              54.8706111
            ],
            [
              24.5172999,
              54.8706294
            ],
            [
              24.5172635,
              54.870582
            ],
            [
              24.5173391,
              54.8705627
            ],
            [
              24.517324,
              54.8705431
            ],
            [
              24.5174363,
              54.8705145
            ],
            [
              24.5175719,
              54.8706909
            ],
            [
              24.5176784,
              54.8706638
            ],
            [
              24.5176954,
              54.8706858
            ],
            [
              24.5177192,
              54.8706797
            ],
            [
              24.517738,
              54.8707041
            ]
          ]
        ]
      },
      "id": "way/1283216028"
    },
    {
      "type": "Feature",
      "properties": {
        "@id": "way/1283216029",
        "addr:city": "Rečionys",
        "addr:housenumber": "9",
        "addr:postcode": "56104",
        "addr:street": "Laukų g.",
        "building": "house"
      },
      "geometry": {
        "type": "Polygon",
        "coordinates": [
          [
            [
              24.5178069,
              54.8705911
            ],
            [
              24.5176627,
              54.870623
            ],
            [
              24.5176081,
              54.8705411
            ],
            [
              24.5177522,
              54.8705092
            ],
            [
              24.5177665,
              54.8705306
            ],
            [
              24.517803,
              54.8705225
            ],
            [
              24.5178274,
              54.8705592
            ],
            [
              24.517791,
              54.8705673
            ],
            [
              24.5178069,
              54.8705911
            ]
          ]
        ]
      },
      "id": "way/1283216029"
    },
    {
      "type": "Feature",
      "properties": {
        "@id": "way/1283216030",
        "addr:city": "Gudzenka",
        "addr:housenumber": "33",
        "addr:postcode": "56104",
        "addr:street": "Taikos g.",
        "building": "house"
      },
      "geometry": {
        "type": "Polygon",
        "coordinates": [
          [
            [
              24.5187975,
              54.8712888
            ],
            [
              24.51877,
              54.8712965
            ],
            [
              24.5187439,
              54.8712659
            ],
            [
              24.5187714,
              54.8712582
            ],
            [
              24.5187478,
              54.8712305
            ],
            [
              24.5188644,
              54.8711976
            ],
            [
              24.5188796,
              54.8712154
            ],
            [
              24.5189283,
              54.8712016
            ],
            [
              24.5189873,
              54.8712707
            ],
            [
              24.5188219,
              54.8713174
            ],
            [
              24.5187975,
              54.8712888
            ]
          ]
        ]
      },
      "id": "way/1283216030"
    },
    {
      "type": "Feature",
      "properties": {
        "@id": "way/1283216031",
        "building": "yes"
      },
      "geometry": {
        "type": "Polygon",
        "coordinates": [
          [
            [
              24.5193555,
              54.8712568
            ],
            [
              24.5191851,
              54.8712987
            ],
            [
              24.5191504,
              54.8712519
            ],
            [
              24.5191774,
              54.8712453
            ],
            [
              24.5190985,
              54.8711391
            ],
            [
              24.5192116,
              54.8711113
            ],
            [
              24.5192525,
              54.8711663
            ],
            [
              24.5192828,
              54.8711589
            ],
            [
              24.5193555,
              54.8712568
            ]
          ]
        ]
      },
      "id": "way/1283216031"
    },
    {
      "type": "Feature",
      "properties": {
        "@id": "way/1283216032",
        "building": "yes"
      },
      "geometry": {
        "type": "Polygon",
        "coordinates": [
          [
            [
              24.5188704,
              54.8709182
            ],
            [
              24.5188171,
              54.8709306
            ],
            [
              24.5187843,
              54.8708836
            ],
            [
              24.5188375,
              54.8708713
            ],
            [
              24.5188704,
              54.8709182
            ]
          ]
        ]
      },
      "id": "way/1283216032"
    },
    {
      "type": "Feature",
      "properties": {
        "@id": "way/1283216034",
        "building": "yes"
      },
      "geometry": {
        "type": "Polygon",
        "coordinates": [
          [
            [
              24.5189895,
              54.8710158
            ],
            [
              24.5189165,
              54.870901
            ],
            [
              24.5188882,
              54.870907
            ],
            [
              24.5188658,
              54.8708717
            ],
            [
              24.5190182,
              54.8708396
            ],
            [
              24.5190334,
              54.8708635
            ],
            [
              24.5190627,
              54.8708574
            ],
            [
              24.5191059,
              54.8709253
            ],
            [
              24.5190767,
              54.8709315
            ],
            [
              24.5191137,
              54.8709896
            ],
            [
              24.5189895,
              54.8710158
            ]
          ]
        ]
      },
      "id": "way/1283216034"
    },
    {
      "type": "Feature",
      "properties": {
        "@id": "way/1283216035",
        "addr:city": "Rečionys",
        "addr:housenumber": "4",
        "addr:postcode": "56104",
        "addr:street": "Laukų g.",
        "building": "house"
      },
      "geometry": {
        "type": "Polygon",
        "coordinates": [
          [
            [
              24.5186129,
              54.8710442
            ],
            [
              24.518586,
              54.8710506
            ],
            [
              24.518562,
              54.8710175
            ],
            [
              24.518589,
              54.8710111
            ],
            [
              24.5185698,
              54.8709845
            ],
            [
              24.5186977,
              54.8709538
            ],
            [
              24.5187061,
              54.8709655
            ],
            [
              24.5187804,
              54.8709477
            ],
            [
              24.5188102,
              54.8709888
            ],
            [
              24.5187807,
              54.8709959
            ],
            [
              24.5188,
              54.8710226
            ],
            [
              24.5186272,
              54.871064
            ],
            [
              24.5186129,
              54.8710442
            ]
          ]
        ]
      },
      "id": "way/1283216035"
    },
    {
      "type": "Feature",
      "properties": {
        "@id": "way/1283216036",
        "addr:city": "Rečionys",
        "addr:housenumber": "6",
        "addr:postcode": "56104",
        "addr:street": "Laukų g.",
        "building": "house"
      },
      "geometry": {
        "type": "Polygon",
        "coordinates": [
          [
            [
              24.5184216,
              54.8707968
            ],
            [
              24.518391,
              54.8708035
            ],
            [
              24.5183714,
              54.8707738
            ],
            [
              24.5184021,
              54.8707671
            ],
            [
              24.5183826,
              54.8707375
            ],
            [
              24.5185743,
              54.8706957
            ],
            [
              24.5186111,
              54.8707514
            ],
            [
              24.5185554,
              54.8707636
            ],
            [
              24.5185734,
              54.8707909
            ],
            [
              24.5184374,
              54.8708206
            ],
            [
              24.5184216,
              54.8707968
            ]
          ]
        ]
      },
      "id": "way/1283216036"
    },
    {
      "type": "Feature",
      "properties": {
        "@id": "way/1283216037",
        "building": "yes"
      },
      "geometry": {
        "type": "Polygon",
        "coordinates": [
          [
            [
              24.5189291,
              54.8707457
            ],
            [
              24.5188369,
              54.8707689
            ],
            [
              24.5188097,
              54.8707331
            ],
            [
              24.5187855,
              54.8707392
            ],
            [
              24.5187227,
              54.8706564
            ],
            [
              24.5188391,
              54.8706271
            ],
            [
              24.5189291,
              54.8707457
            ]
          ]
        ]
      },
      "id": "way/1283216037"
    },
    {
      "type": "Feature",
      "properties": {
        "@id": "way/1283216038",
        "building": "yes"
      },
      "geometry": {
        "type": "Polygon",
        "coordinates": [
          [
            [
              24.5187905,
              54.8704438
            ],
            [
              24.5186382,
              54.8704864
            ],
            [
              24.5185588,
              54.8703922
            ],
            [
              24.5186848,
              54.870357
            ],
            [
              24.5187085,
              54.8703851
            ],
            [
              24.5187348,
              54.8703777
            ],
            [
              24.5187905,
              54.8704438
            ]
          ]
        ]
      },
      "id": "way/1283216038"
    },
    {
      "type": "Feature",
      "properties": {
        "@id": "way/1283216039",
        "addr:city": "Rečionys",
        "addr:housenumber": "8",
        "addr:postcode": "56104",
        "addr:street": "Laukų g.",
        "building": "house"
      },
      "geometry": {
        "type": "Polygon",
        "coordinates": [
          [
            [
              24.5184139,
              54.8705288
            ],
            [
              24.5182513,
              54.8705699
            ],
            [
              24.5182323,
              54.870545
            ],
            [
              24.5181992,
              54.8705534
            ],
            [
              24.5181777,
              54.8705252
            ],
            [
              24.5182107,
              54.8705168
            ],
            [
              24.5181931,
              54.8704937
            ],
            [
              24.5183186,
              54.870462
            ],
            [
              24.518328,
              54.8704742
            ],
            [
              24.518365,
              54.8704649
            ],
            [
              24.5184139,
              54.8705288
            ]
          ]
        ]
      },
      "id": "way/1283216039"
    },
    {
      "type": "Feature",
      "properties": {
        "@id": "way/1283216040",
        "addr:city": "Rečionys",
        "addr:housenumber": "8A",
        "addr:postcode": "56104",
        "addr:street": "Laukų g.",
        "building": "house"
      },
      "geometry": {
        "type": "Polygon",
        "coordinates": [
          [
            [
              24.5182637,
              54.8702691
            ],
            [
              24.518189,
              54.8701581
            ],
            [
              24.5184116,
              54.8701084
            ],
            [
              24.5184659,
              54.8701889
            ],
            [
              24.518385,
              54.8702069
            ],
            [
              24.5184055,
              54.8702375
            ],
            [
              24.5182637,
              54.8702691
            ]
          ]
        ]
      },
      "id": "way/1283216040"
    },
    {
      "type": "Feature",
      "properties": {
        "@id": "way/1283216041",
        "building": "yes"
      },
      "geometry": {
        "type": "Polygon",
        "coordinates": [
          [
            [
              24.5183024,
              54.8699146
            ],
            [
              24.5181851,
              54.8699379
            ],
            [
              24.5181304,
              54.8698464
            ],
            [
              24.5182477,
              54.8698232
            ],
            [
              24.5183024,
              54.8699146
            ]
          ]
        ]
      },
      "id": "way/1283216041"
    },
    {
      "type": "Feature",
      "properties": {
        "@id": "way/1283216042",
        "addr:city": "Rečionys",
        "addr:housenumber": "10",
        "addr:postcode": "56104",
        "addr:street": "Laukų g.",
        "building": "house"
      },
      "geometry": {
        "type": "Polygon",
        "coordinates": [
          [
            [
              24.5178385,
              54.8699135
            ],
            [
              24.5180177,
              54.8698743
            ],
            [
              24.5180725,
              54.8699574
            ],
            [
              24.5178932,
              54.8699965
            ],
            [
              24.5178385,
              54.8699135
            ]
          ]
        ]
      },
      "id": "way/1283216042"
    },
    {
      "type": "Feature",
      "properties": {
        "@id": "way/1283216043",
        "addr:city": "Rečionys",
        "addr:housenumber": "11",
        "addr:postcode": "56104",
        "addr:street": "Laukų g.",
        "building": "house"
      },
      "geometry": {
        "type": "Polygon",
        "coordinates": [
          [
            [
              24.5173366,
              54.8702169
            ],
            [
              24.5173838,
              54.8702057
            ],
            [
              24.517407,
              54.8702383
            ],
            [
              24.5173599,
              54.8702494
            ],
            [
              24.5173873,
              54.8702878
            ],
            [
              24.5172758,
              54.8703142
            ],
            [
              24.5172702,
              54.8703065
            ],
            [
              24.5172498,
              54.8703113
            ],
            [
              24.5172222,
              54.8702727
            ],
            [
              24.5172426,
              54.8702679
            ],
            [
              24.5172186,
              54.8702343
            ],
            [
              24.5173302,
              54.8702079
            ],
            [
              24.5173366,
              54.8702169
            ]
          ]
        ]
      },
      "id": "way/1283216043"
    },
    {
      "type": "Feature",
      "properties": {
        "@id": "way/1283216044",
        "building": "yes"
      },
      "geometry": {
        "type": "Polygon",
        "coordinates": [
          [
            [
              24.5171772,
              54.870288
            ],
            [
              24.5170533,
              54.8703146
            ],
            [
              24.5170214,
              54.8702654
            ],
            [
              24.5171453,
              54.8702388
            ],
            [
              24.5171772,
              54.870288
            ]
          ]
        ]
      },
      "id": "way/1283216044"
    },
    {
      "type": "Feature",
      "properties": {
        "@id": "way/1283216045",
        "building": "yes"
      },
      "geometry": {
        "type": "Polygon",
        "coordinates": [
          [
            [
              24.5170301,
              54.8704146
            ],
            [
              24.5169225,
              54.8704368
            ],
            [
              24.5169077,
              54.8704129
            ],
            [
              24.5168705,
              54.8704205
            ],
            [
              24.5168389,
              54.8703697
            ],
            [
              24.516876,
              54.870362
            ],
            [
              24.5168561,
              54.87033
            ],
            [
              24.5169636,
              54.8703078
            ],
            [
              24.5170301,
              54.8704146
            ]
          ]
        ]
      },
      "id": "way/1283216045"
    },
    {
      "type": "Feature",
      "properties": {
        "@id": "way/1283216046",
        "building": "yes"
      },
      "geometry": {
        "type": "Polygon",
        "coordinates": [
          [
            [
              24.5167697,
              54.8703666
            ],
            [
              24.5166952,
              54.870384
            ],
            [
              24.5166914,
              54.8703787
            ],
            [
              24.5166665,
              54.8703845
            ],
            [
              24.5166528,
              54.8703651
            ],
            [
              24.5166778,
              54.8703593
            ],
            [
              24.5166458,
              54.8703139
            ],
            [
              24.5167204,
              54.8702965
            ],
            [
              24.5167262,
              54.8703047
            ],
            [
              24.5167533,
              54.8702984
            ],
            [
              24.5167802,
              54.8703366
            ],
            [
              24.516753,
              54.8703429
            ],
            [
              24.5167697,
              54.8703666
            ]
          ]
        ]
      },
      "id": "way/1283216046"
    },
    {
      "type": "Feature",
      "properties": {
        "@id": "way/1283216047",
        "building": "yes"
      },
      "geometry": {
        "type": "Polygon",
        "coordinates": [
          [
            [
              24.5169646,
              54.8702302
            ],
            [
              24.5169764,
              54.8702461
            ],
            [
              24.5169424,
              54.8702545
            ],
            [
              24.5169306,
              54.8702386
            ],
            [
              24.5168038,
              54.8702698
            ],
            [
              24.516767,
              54.8702204
            ],
            [
              24.516975,
              54.8701691
            ],
            [
              24.5170118,
              54.8702186
            ],
            [
              24.5169646,
              54.8702302
            ]
          ]
        ]
      },
      "id": "way/1283216047"
    },
    {
      "type": "Feature",
      "properties": {
        "@id": "way/1283216048",
        "building": "yes"
      },
      "geometry": {
        "type": "Polygon",
        "coordinates": [
          [
            [
              24.5167456,
              54.8701889
            ],
            [
              24.5167305,
              54.8701637
            ],
            [
              24.5166911,
              54.8701715
            ],
            [
              24.516658,
              54.8701163
            ],
            [
              24.516685,
              54.8701109
            ],
            [
              24.5166592,
              54.8700679
            ],
            [
              24.5166371,
              54.8700723
            ],
            [
              24.5166147,
              54.8700349
            ],
            [
              24.5167956,
              54.8699989
            ],
            [
              24.5168171,
              54.8700348
            ],
            [
              24.5167705,
              54.8700441
            ],
            [
              24.5167827,
              54.8700645
            ],
            [
              24.5168339,
              54.8700544
            ],
            [
              24.5168707,
              54.8701156
            ],
            [
              24.5168233,
              54.870125
            ],
            [
              24.5168492,
              54.8701683
            ],
            [
              24.5167456,
              54.8701889
            ]
          ]
        ]
      },
      "id": "way/1283216048"
    },
    {
      "type": "Feature",
      "properties": {
        "@id": "way/1283216049",
        "addr:city": "Rečionys",
        "addr:housenumber": "13",
        "addr:postcode": "56104",
        "addr:street": "Laukų g.",
        "building": "house"
      },
      "geometry": {
        "type": "Polygon",
        "coordinates": [
          [
            [
              24.5172151,
              54.8700543
            ],
            [
              24.5170364,
              54.8700987
            ],
            [
              24.5169935,
              54.8700416
            ],
            [
              24.5170386,
              54.8700304
            ],
            [
              24.5170155,
              54.8699995
            ],
            [
              24.5171491,
              54.8699663
            ],
            [
              24.5171687,
              54.8699925
            ],
            [
              24.5171955,
              54.8699858
            ],
            [
              24.5172222,
              54.8700214
            ],
            [
              24.5171954,
              54.8700281
            ],
            [
              24.5172151,
              54.8700543
            ]
          ]
        ]
      },
      "id": "way/1283216049"
    },
    {
      "type": "Feature",
      "properties": {
        "@id": "way/1283216050",
        "building": "yes"
      },
      "geometry": {
        "type": "Polygon",
        "coordinates": [
          [
            [
              24.5162895,
              54.8699972
            ],
            [
              24.5162348,
              54.8700084
            ],
            [
              24.5162076,
              54.8699645
            ],
            [
              24.5162623,
              54.8699533
            ],
            [
              24.5162895,
              54.8699972
            ]
          ]
        ]
      },
      "id": "way/1283216050"
    },
    {
      "type": "Feature",
      "properties": {
        "@id": "way/1283216051",
        "building": "yes"
      },
      "geometry": {
        "type": "Polygon",
        "coordinates": [
          [
            [
              24.51712,
              54.8698141
            ],
            [
              24.5170684,
              54.8698243
            ],
            [
              24.5170417,
              54.8697797
            ],
            [
              24.5170933,
              54.8697695
            ],
            [
              24.51712,
              54.8698141
            ]
          ]
        ]
      },
      "id": "way/1283216051"
    },
    {
      "type": "Feature",
      "properties": {
        "@id": "way/1283216052",
        "building": "yes"
      },
      "geometry": {
        "type": "Polygon",
        "coordinates": [
          [
            [
              24.5166967,
              54.8698273
            ],
            [
              24.5165745,
              54.8698597
            ],
            [
              24.5165614,
              54.8698433
            ],
            [
              24.5165256,
              54.8698528
            ],
            [
              24.5164468,
              54.8697545
            ],
            [
              24.5166049,
              54.8697126
            ],
            [
              24.5166967,
              54.8698273
            ]
          ]
        ]
      },
      "id": "way/1283216052"
    },
    {
      "type": "Feature",
      "properties": {
        "@id": "way/1283216053",
        "addr:city": "Rečionys",
        "addr:housenumber": "15",
        "addr:postcode": "56104",
        "addr:street": "Laukų g.",
        "building": "house"
      },
      "geometry": {
        "type": "Polygon",
        "coordinates": [
          [
            [
              24.5169774,
              54.8697359
            ],
            [
              24.5168475,
              54.8697659
            ],
            [
              24.5168289,
              54.8697394
            ],
            [
              24.5167626,
              54.8697547
            ],
            [
              24.5167174,
              54.86969
            ],
            [
              24.5169137,
              54.8696446
            ],
            [
              24.5169311,
              54.8696695
            ],
            [
              24.5169708,
              54.8696603
            ],
            [
              24.5169977,
              54.8696988
            ],
            [
              24.516958,
              54.869708
            ],
            [
              24.5169774,
              54.8697359
            ]
          ]
        ]
      },
      "id": "way/1283216053"
    },
    {
      "type": "Feature",
      "properties": {
        "@id": "way/1283216054",
        "building": "yes"
      },
      "geometry": {
        "type": "Polygon",
        "coordinates": [
          [
            [
              24.5165029,
              54.8695452
            ],
            [
              24.5164058,
              54.8695646
            ],
            [
              24.5163204,
              54.8694223
            ],
            [
              24.5164175,
              54.869403
            ],
            [
              24.5165029,
              54.8695452
            ]
          ]
        ]
      },
      "id": "way/1283216054"
    },
    {
      "type": "Feature",
      "properties": {
        "@id": "way/1283216055",
        "addr:city": "Rečionys",
        "addr:housenumber": "17",
        "addr:postcode": "56104",
        "addr:street": "Laukų g.",
        "building": "house"
      },
      "geometry": {
        "type": "Polygon",
        "coordinates": [
          [
            [
              24.5168235,
              54.8694833
            ],
            [
              24.5166417,
              54.8695189
            ],
            [
              24.5165868,
              54.8694259
            ],
            [
              24.5167686,
              54.8693903
            ],
            [
              24.5168235,
              54.8694833
            ]
          ]
        ]
      },
      "id": "way/1283216055"
    },
    {
      "type": "Feature",
      "properties": {
        "@id": "way/1283216056",
        "addr:city": "Rečionys",
        "addr:housenumber": "19",
        "addr:postcode": "56104",
        "addr:street": "Laukų g.",
        "building": "house"
      },
      "geometry": {
        "type": "Polygon",
        "coordinates": [
          [
            [
              24.5166667,
              54.8692802
            ],
            [
              24.5165466,
              54.8693047
            ],
            [
              24.5165376,
              54.8692901
            ],
            [
              24.5164695,
              54.869304
            ],
            [
              24.5164242,
              54.8692305
            ],
            [
              24.5166125,
              54.8691921
            ],
            [
              24.5166299,
              54.8692205
            ],
            [
              24.5166712,
              54.8692121
            ],
            [
              24.5166888,
              54.8692406
            ],
            [
              24.5166475,
              54.869249
            ],
            [
              24.5166667,
              54.8692802
            ]
          ]
        ]
      },
      "id": "way/1283216056"
    },
    {
      "type": "Feature",
      "properties": {
        "@id": "way/1283216057",
        "building": "yes"
      },
      "geometry": {
        "type": "Polygon",
        "coordinates": [
          [
            [
              24.5163547,
              54.8691613
            ],
            [
              24.5163941,
              54.8692251
            ],
            [
              24.516277,
              54.8692491
            ],
            [
              24.5163382,
              54.8693482
            ],
            [
              24.5162502,
              54.8693662
            ],
            [
              24.5162568,
              54.8693769
            ],
            [
              24.516146,
              54.8693995
            ],
            [
              24.5161095,
              54.8693403
            ],
            [
              24.5162067,
              54.8693204
            ],
            [
              24.5161439,
              54.8692186
            ],
            [
              24.5162658,
              54.8691937
            ],
            [
              24.516258,
              54.8691811
            ],
            [
              24.5163547,
              54.8691613
            ]
          ]
        ]
      },
      "id": "way/1283216057"
    },
    {
      "type": "Feature",
      "properties": {
        "@id": "way/1283216058",
        "building": "yes"
      },
      "geometry": {
        "type": "Polygon",
        "coordinates": [
          [
            [
              24.5162087,
              54.8691661
            ],
            [
              24.5161125,
              54.8691902
            ],
            [
              24.5159896,
              54.8690273
            ],
            [
              24.5160859,
              54.8690033
            ],
            [
              24.5162087,
              54.8691661
            ]
          ]
        ]
      },
      "id": "way/1283216058"
    },
    {
      "type": "Feature",
      "properties": {
        "@id": "way/1283216059",
        "addr:city": "Rečionys",
        "addr:housenumber": "21",
        "addr:postcode": "56104",
        "addr:street": "Laukų g.",
        "building": "house"
      },
      "geometry": {
        "type": "Polygon",
        "coordinates": [
          [
            [
              24.5164264,
              54.8690759
            ],
            [
              24.5163661,
              54.869088
            ],
            [
              24.5163358,
              54.8690382
            ],
            [
              24.5163961,
              54.8690261
            ],
            [
              24.5163854,
              54.8690085
            ],
            [
              24.5165468,
              54.8689759
            ],
            [
              24.5165982,
              54.8690604
            ],
            [
              24.5164368,
              54.8690929
            ],
            [
              24.5164264,
              54.8690759
            ]
          ]
        ]
      },
      "id": "way/1283216059"
    },
    {
      "type": "Feature",
      "properties": {
        "@id": "way/1283216060",
        "building": "yes"
      },
      "geometry": {
        "type": "Polygon",
        "coordinates": [
          [
            [
              24.5159204,
              54.8703362
            ],
            [
              24.5158107,
              54.8701646
            ],
            [
              24.5157679,
              54.8701737
            ],
            [
              24.5157741,
              54.8701834
            ],
            [
              24.5156981,
              54.8701994
            ],
            [
              24.5156613,
              54.8701418
            ],
            [
              24.5158801,
              54.8700956
            ],
            [
              24.5160203,
              54.8703151
            ],
            [
              24.5159204,
              54.8703362
            ]
          ]
        ]
      },
      "id": "way/1283216060"
    },
    {
      "type": "Feature",
      "properties": {
        "@id": "way/1283216061",
        "building": "yes"
      },
      "geometry": {
        "type": "Polygon",
        "coordinates": [
          [
            [
              24.5158196,
              54.8703858
            ],
            [
              24.5157898,
              54.8703365
            ],
            [
              24.5158882,
              54.8703168
            ],
            [
              24.515918,
              54.8703661
            ],
            [
              24.5158196,
              54.8703858
            ]
          ]
        ]
      },
      "id": "way/1283216061"
    },
    {
      "type": "Feature",
      "properties": {
        "@id": "way/1283216062",
        "addr:city": "Rečionys",
        "addr:housenumber": "31",
        "addr:postcode": "56104",
        "addr:street": "Laukų g.",
        "building": "house"
      },
      "geometry": {
        "type": "Polygon",
        "coordinates": [
          [
            [
              24.5155381,
              54.8703384
            ],
            [
              24.515498,
              54.8703476
            ],
            [
              24.5154709,
              54.8703081
            ],
            [
              24.515511,
              54.8702989
            ],
            [
              24.5154929,
              54.8702725
            ],
            [
              24.515681,
              54.8702298
            ],
            [
              24.5157472,
              54.8703262
            ],
            [
              24.5155591,
              54.870369
            ],
            [
              24.5155381,
              54.8703384
            ]
          ]
        ]
      },
      "id": "way/1283216062"
    },
    {
      "type": "Feature",
      "properties": {
        "@id": "way/1283216063",
        "addr:city": "Rečionys",
        "addr:housenumber": "29",
        "addr:postcode": "56104",
        "addr:street": "Laukų g.",
        "building": "house"
      },
      "geometry": {
        "type": "Polygon",
        "coordinates": [
          [
            [
              24.5154263,
              54.8699978
            ],
            [
              24.5154557,
              54.8699912
            ],
            [
              24.5154825,
              54.8700306
            ],
            [
              24.5154531,
              54.8700372
            ],
            [
              24.515474,
              54.870068
            ],
            [
              24.5153586,
              54.870094
            ],
            [
              24.5153324,
              54.8700554
            ],
            [
              24.5152976,
              54.8700632
            ],
            [
              24.5152748,
              54.8700297
            ],
            [
              24.5153096,
              54.8700219
            ],
            [
              24.515288,
              54.8699901
            ],
            [
              24.5154034,
              54.8699642
            ],
            [
              24.5154263,
              54.8699978
            ]
          ]
        ]
      },
      "id": "way/1283216063"
    },
    {
      "type": "Feature",
      "properties": {
        "@id": "way/1283216064",
        "building": "yes"
      },
      "geometry": {
        "type": "Polygon",
        "coordinates": [
          [
            [
              24.5158015,
              54.8700256
            ],
            [
              24.515701,
              54.8700479
            ],
            [
              24.5156086,
              54.8699099
            ],
            [
              24.5157091,
              54.8698876
            ],
            [
              24.5158015,
              54.8700256
            ]
          ]
        ]
      },
      "id": "way/1283216064"
    },
    {
      "type": "Feature",
      "properties": {
        "@id": "way/1283216065",
        "building": "yes"
      },
      "geometry": {
        "type": "Polygon",
        "coordinates": [
          [
            [
              24.5156951,
              54.8698104
            ],
            [
              24.51558,
              54.8698377
            ],
            [
              24.5155071,
              54.869736
            ],
            [
              24.5154014,
              54.8697611
            ],
            [
              24.5153811,
              54.8697328
            ],
            [
              24.5156018,
              54.8696804
            ],
            [
              24.5156951,
              54.8698104
            ]
          ]
        ]
      },
      "id": "way/1283216065"
    },
    {
      "type": "Feature",
      "properties": {
        "@id": "way/1283216066",
        "building": "yes"
      },
      "geometry": {
        "type": "Polygon",
        "coordinates": [
          [
            [
              24.5153752,
              54.8695469
            ],
            [
              24.5152867,
              54.8695667
            ],
            [
              24.5152487,
              54.8695103
            ],
            [
              24.5153371,
              54.8694906
            ],
            [
              24.5153752,
              54.8695469
            ]
          ]
        ]
      },
      "id": "way/1283216066"
    },
    {
      "type": "Feature",
      "properties": {
        "@id": "way/1283216067",
        "building": "yes"
      },
      "geometry": {
        "type": "Polygon",
        "coordinates": [
          [
            [
              24.5156418,
              54.8695942
            ],
            [
              24.5154822,
              54.8696301
            ],
            [
              24.5154317,
              54.8695557
            ],
            [
              24.5153998,
              54.8695629
            ],
            [
              24.5153625,
              54.869508
            ],
            [
              24.5155541,
              54.869465
            ],
            [
              24.5156418,
              54.8695942
            ]
          ]
        ]
      },
      "id": "way/1283216067"
    },
    {
      "type": "Feature",
      "properties": {
        "@id": "way/1283216068",
        "building": "yes"
      },
      "geometry": {
        "type": "Polygon",
        "coordinates": [
          [
            [
              24.5153175,
              54.869377
            ],
            [
              24.5152463,
              54.8692632
            ],
            [
              24.5153576,
              54.8692401
            ],
            [
              24.5154289,
              54.869354
            ],
            [
              24.5153175,
              54.869377
            ]
          ]
        ]
      },
      "id": "way/1283216068"
    },
    {
      "type": "Feature",
      "properties": {
        "@id": "way/1283216069",
        "addr:city": "Rečionys",
        "addr:housenumber": "27",
        "addr:postcode": "56104",
        "addr:street": "Laukų g.",
        "building": "house"
      },
      "geometry": {
        "type": "Polygon",
        "coordinates": [
          [
            [
              24.5154144,
              54.8698309
            ],
            [
              24.5151711,
              54.8698856
            ],
            [
              24.5151119,
              54.8697983
            ],
            [
              24.5153552,
              54.8697437
            ],
            [
              24.5154144,
              54.8698309
            ]
          ]
        ]
      },
      "id": "way/1283216069"
    },
    {
      "type": "Feature",
      "properties": {
        "@id": "way/1283216070",
        "building": "yes"
      },
      "geometry": {
        "type": "Polygon",
        "coordinates": [
          [
            [
              24.5150087,
              54.869799
            ],
            [
              24.5149744,
              54.8697466
            ],
            [
              24.5150835,
              54.869723
            ],
            [
              24.5151178,
              54.8697754
            ],
            [
              24.5150087,
              54.869799
            ]
          ]
        ]
      },
      "id": "way/1283216070"
    },
    {
      "type": "Feature",
      "properties": {
        "@id": "way/1283216071",
        "addr:city": "Rečionys",
        "addr:housenumber": "25",
        "addr:postcode": "56104",
        "addr:street": "Laukų g.",
        "building": "house"
      },
      "geometry": {
        "type": "Polygon",
        "coordinates": [
          [
            [
              24.5150693,
              54.8696357
            ],
            [
              24.515039,
              54.8696425
            ],
            [
              24.5150187,
              54.8696125
            ],
            [
              24.515049,
              54.8696057
            ],
            [
              24.5150211,
              54.8695645
            ],
            [
              24.5151782,
              54.8695293
            ],
            [
              24.5152268,
              54.869601
            ],
            [
              24.515207,
              54.8696055
            ],
            [
              24.5152216,
              54.8696271
            ],
            [
              24.5150843,
              54.8696579
            ],
            [
              24.5150693,
              54.8696357
            ]
          ]
        ]
      },
      "id": "way/1283216071"
    },
    {
      "type": "Feature",
      "properties": {
        "@id": "way/1283216072",
        "building": "yes"
      },
      "geometry": {
        "type": "Polygon",
        "coordinates": [
          [
            [
              24.515378,
              54.8706382
            ],
            [
              24.5152669,
              54.8706684
            ],
            [
              24.5152461,
              54.8706431
            ],
            [
              24.5152291,
              54.8706477
            ],
            [
              24.5151166,
              54.8705107
            ],
            [
              24.5152447,
              54.8704758
            ],
            [
              24.515378,
              54.8706382
            ]
          ]
        ]
      },
      "id": "way/1283216072"
    },
    {
      "type": "Feature",
      "properties": {
        "@id": "way/1283216073",
        "addr:city": "Rečionys",
        "addr:housenumber": "23",
        "addr:postcode": "56104",
        "addr:street": "Laukų g.",
        "building": "house"
      },
      "geometry": {
        "type": "Polygon",
        "coordinates": [
          [
            [
              24.5149209,
              54.8694211
            ],
            [
              24.5148814,
              54.8694297
            ],
            [
              24.5148531,
              54.8693867
            ],
            [
              24.5148926,
              54.8693781
            ],
            [
              24.5148722,
              54.869347
            ],
            [
              24.5150639,
              54.8693053
            ],
            [
              24.5151335,
              54.8694112
            ],
            [
              24.5149418,
              54.8694529
            ],
            [
              24.5149209,
              54.8694211
            ]
          ]
        ]
      },
      "id": "way/1283216073"
    },
    {
      "type": "Feature",
      "properties": {
        "@id": "way/1365961119",
        "building": "yes"
      },
      "geometry": {
        "type": "Polygon",
        "coordinates": [
          [
            [
              24.5249247,
              54.875488
            ],
            [
              24.524818,
              54.8754058
            ],
            [
              24.5248722,
              54.8753825
            ],
            [
              24.5249789,
              54.8754647
            ],
            [
              24.5249247,
              54.875488
            ]
          ]
        ]
      },
      "id": "way/1365961119"
    },
    {
      "type": "Feature",
      "properties": {
        "@id": "way/1365961120",
        "building": "yes"
      },
      "geometry": {
        "type": "Polygon",
        "coordinates": [
          [
            [
              24.5252928,
              54.8760756
            ],
            [
              24.5252419,
              54.8760347
            ],
            [
              24.5253433,
              54.8759929
            ],
            [
              24.5253942,
              54.8760339
            ],
            [
              24.5252928,
              54.8760756
            ]
          ]
        ]
      },
      "id": "way/1365961120"
    },
    {
      "type": "Feature",
      "properties": {
        "@id": "way/1365961123",
        "building": "yes"
      },
      "geometry": {
        "type": "Polygon",
        "coordinates": [
          [
            [
              24.5244615,
              54.872682
            ],
            [
              24.5245085,
              54.8726298
            ],
            [
              24.5245682,
              54.8726476
            ],
            [
              24.5245212,
              54.8726998
            ],
            [
              24.5244615,
              54.872682
            ]
          ]
        ]
      },
      "id": "way/1365961123"
    },
    {
      "type": "Feature",
      "properties": {
        "@id": "way/1368968493",
        "building": "yes"
      },
      "geometry": {
        "type": "Polygon",
        "coordinates": [
          [
            [
              24.5076891,
              54.8747857
            ],
            [
              24.5077663,
              54.8747486
            ],
            [
              24.5080266,
              54.8749277
            ],
            [
              24.5079494,
              54.8749648
            ],
            [
              24.5076891,
              54.8747857
            ]
          ]
        ]
      },
      "id": "way/1368968493"
    },
    {
      "type": "Feature",
      "properties": {
        "@id": "way/1368968494",
        "building": "yes"
      },
      "geometry": {
        "type": "Polygon",
        "coordinates": [
          [
            [
              24.5080219,
              54.875053
            ],
            [
              24.508168,
              54.8750018
            ],
            [
              24.5082136,
              54.8750448
            ],
            [
              24.5081959,
              54.875051
            ],
            [
              24.5082169,
              54.8750708
            ],
            [
              24.5081335,
              54.8751001
            ],
            [
              24.5081125,
              54.8750802
            ],
            [
              24.5080675,
              54.8750961
            ],
            [
              24.5080219,
              54.875053
            ]
          ]
        ]
      },
      "id": "way/1368968494"
    },
    {
      "type": "Feature",
      "properties": {
        "@id": "way/1368968495",
        "building": "yes"
      },
      "geometry": {
        "type": "Polygon",
        "coordinates": [
          [
            [
              24.5084818,
              54.8747713
            ],
            [
              24.5083808,
              54.8746633
            ],
            [
              24.5085113,
              54.8746229
            ],
            [
              24.5086123,
              54.8747309
            ],
            [
              24.5084818,
              54.8747713
            ]
          ]
        ]
      },
      "id": "way/1368968495"
    },
    {
      "type": "Feature",
      "properties": {
        "@id": "way/1368968496",
        "building": "yes"
      },
      "geometry": {
        "type": "Polygon",
        "coordinates": [
          [
            [
              24.5088787,
              54.8749621
            ],
            [
              24.5088288,
              54.8749085
            ],
            [
              24.5089595,
              54.8748682
            ],
            [
              24.5090094,
              54.8749218
            ],
            [
              24.5088787,
              54.8749621
            ]
          ]
        ]
      },
      "id": "way/1368968496"
    },
    {
      "type": "Feature",
      "properties": {
        "@id": "way/1368968497",
        "building": "yes"
      },
      "geometry": {
        "type": "Polygon",
        "coordinates": [
          [
            [
              24.5086648,
              54.8750223
            ],
            [
              24.5086276,
              54.8749864
            ],
            [
              24.5087512,
              54.874944
            ],
            [
              24.5087884,
              54.8749799
            ],
            [
              24.5086648,
              54.8750223
            ]
          ]
        ]
      },
      "id": "way/1368968497"
    },
    {
      "type": "Feature",
      "properties": {
        "@id": "way/1368968498",
        "addr:city": "Gudzenka",
        "addr:housenumber": "7",
        "addr:street": "Čiobiškio g.",
        "building": "yes"
      },
      "geometry": {
        "type": "Polygon",
        "coordinates": [
          [
            [
              24.5084699,
              54.8750216
            ],
            [
              24.5083665,
              54.8749067
            ],
            [
              24.5085373,
              54.8748558
            ],
            [
              24.5086407,
              54.8749707
            ],
            [
              24.5084699,
              54.8750216
            ]
          ]
        ]
      },
      "id": "way/1368968498"
    },
    {
      "type": "Feature",
      "properties": {
        "@id": "way/1368968500",
        "building": "yes"
      },
      "geometry": {
        "type": "Polygon",
        "coordinates": [
          [
            [
              24.5184536,
              54.8719172
            ],
            [
              24.5183621,
              54.8718276
            ],
            [
              24.5184224,
              54.8718072
            ],
            [
              24.5185139,
              54.8718968
            ],
            [
              24.5184536,
              54.8719172
            ]
          ]
        ]
      },
      "id": "way/1368968500"
    },
    {
      "type": "Feature",
      "properties": {
        "@id": "way/1368968501",
        "building": "yes"
      },
      "geometry": {
        "type": "Polygon",
        "coordinates": [
          [
            [
              24.519175,
              54.8777306
            ],
            [
              24.5191545,
              54.877715
            ],
            [
              24.5191889,
              54.8776999
            ],
            [
              24.5192095,
              54.8777155
            ],
            [
              24.519175,
              54.8777306
            ]
          ]
        ]
      },
      "id": "way/1368968501"
    },
    {
      "type": "Feature",
      "properties": {
        "@id": "way/1368968502",
        "building": "yes"
      },
      "geometry": {
        "type": "Polygon",
        "coordinates": [
          [
            [
              24.5189587,
              54.8774871
            ],
            [
              24.5190073,
              54.8774531
            ],
            [
              24.5190869,
              54.8774907
            ],
            [
              24.5190383,
              54.8775248
            ],
            [
              24.5189587,
              54.8774871
            ]
          ]
        ]
      },
      "id": "way/1368968502"
    },
    {
      "type": "Feature",
      "properties": {
        "@id": "way/1368968504",
        "building": "yes"
      },
      "geometry": {
        "type": "Polygon",
        "coordinates": [
          [
            [
              24.5162705,
              54.8794268
            ],
            [
              24.5162118,
              54.8794021
            ],
            [
              24.5162605,
              54.8793638
            ],
            [
              24.5163193,
              54.8793885
            ],
            [
              24.5162705,
              54.8794268
            ]
          ]
        ]
      },
      "id": "way/1368968504"
    },
    {
      "type": "Feature",
      "properties": {
        "@id": "way/1368968505",
        "building": "yes"
      },
      "geometry": {
        "type": "Polygon",
        "coordinates": [
          [
            [
              24.5172415,
              54.8794398
            ],
            [
              24.5173018,
              54.8794589
            ],
            [
              24.5172854,
              54.879476
            ],
            [
              24.5172251,
              54.8794569
            ],
            [
              24.5172415,
              54.8794398
            ]
          ]
        ]
      },
      "id": "way/1368968505"
    },
    {
      "type": "Feature",
      "properties": {
        "@id": "way/1368968506",
        "building": "yes"
      },
      "geometry": {
        "type": "Polygon",
        "coordinates": [
          [
            [
              24.5169182,
              54.8792449
            ],
            [
              24.5169576,
              54.8792197
            ],
            [
              24.5170159,
              54.8792498
            ],
            [
              24.5169765,
              54.879275
            ],
            [
              24.5169182,
              54.8792449
            ]
          ]
        ]
      },
      "id": "way/1368968506"
    },
    {
      "type": "Feature",
      "properties": {
        "@id": "way/1368968507",
        "building": "yes"
      },
      "geometry": {
        "type": "Polygon",
        "coordinates": [
          [
            [
              24.5168909,
              54.8793092
            ],
            [
              24.5169331,
              54.879275
            ],
            [
              24.5170151,
              54.8793085
            ],
            [
              24.5169729,
              54.8793427
            ],
            [
              24.5168909,
              54.8793092
            ]
          ]
        ]
      },
      "id": "way/1368968507"
    },
    {
      "type": "Feature",
      "properties": {
        "@id": "way/1368968508",
        "building": "yes"
      },
      "geometry": {
        "type": "Polygon",
        "coordinates": [
          [
            [
              24.5168647,
              54.8794364
            ],
            [
              24.5169056,
              54.8794052
            ],
            [
              24.5170649,
              54.8794742
            ],
            [
              24.517024,
              54.8795054
            ],
            [
              24.5168647,
              54.8794364
            ]
          ]
        ]
      },
      "id": "way/1368968508"
    },
    {
      "type": "Feature",
      "properties": {
        "@id": "way/1368968509",
        "building": "yes"
      },
      "geometry": {
        "type": "Polygon",
        "coordinates": [
          [
            [
              24.5170454,
              54.8795683
            ],
            [
              24.5171416,
              54.8794678
            ],
            [
              24.517172,
              54.8794774
            ],
            [
              24.5171936,
              54.8794549
            ],
            [
              24.5172747,
              54.8794806
            ],
            [
              24.5171208,
              54.8796412
            ],
            [
              24.5170622,
              54.8796226
            ],
            [
              24.5170981,
              54.8795851
            ],
            [
              24.5170454,
              54.8795683
            ]
          ]
        ]
      },
      "id": "way/1368968509"
    },
    {
      "type": "Feature",
      "properties": {
        "@id": "way/1368968510",
        "building": "yes"
      },
      "geometry": {
        "type": "Polygon",
        "coordinates": [
          [
            [
              24.5170335,
              54.8798425
            ],
            [
              24.5170608,
              54.8798015
            ],
            [
              24.5171175,
              54.879814
            ],
            [
              24.5170902,
              54.879855
            ],
            [
              24.5170335,
              54.8798425
            ]
          ]
        ]
      },
      "id": "way/1368968510"
    },
    {
      "type": "Feature",
      "properties": {
        "@id": "way/1368968511",
        "building": "yes"
      },
      "geometry": {
        "type": "Polygon",
        "coordinates": [
          [
            [
              24.5169741,
              54.8799266
            ],
            [
              24.5170073,
              54.879889
            ],
            [
              24.5170587,
              54.879904
            ],
            [
              24.5170255,
              54.8799416
            ],
            [
              24.5169741,
              54.8799266
            ]
          ]
        ]
      },
      "id": "way/1368968511"
    },
    {
      "type": "Feature",
      "properties": {
        "@id": "way/1368968512",
        "building": "yes"
      },
      "geometry": {
        "type": "Polygon",
        "coordinates": [
          [
            [
              24.5167233,
              54.8799799
            ],
            [
              24.5168683,
              54.8800257
            ],
            [
              24.5168283,
              54.8800676
            ],
            [
              24.5166833,
              54.8800218
            ],
            [
              24.5167233,
              54.8799799
            ]
          ]
        ]
      },
      "id": "way/1368968512"
    },
    {
      "type": "Feature",
      "properties": {
        "@id": "way/1368968513",
        "building": "yes"
      },
      "geometry": {
        "type": "Polygon",
        "coordinates": [
          [
            [
              24.5161458,
              54.8800654
            ],
            [
              24.51618,
              54.8800287
            ],
            [
              24.5162905,
              54.8800629
            ],
            [
              24.5162563,
              54.8800995
            ],
            [
              24.5161458,
              54.8800654
            ]
          ]
        ]
      },
      "id": "way/1368968513"
    },
    {
      "type": "Feature",
      "properties": {
        "@id": "way/1368968514",
        "building": "yes"
      },
      "geometry": {
        "type": "Polygon",
        "coordinates": [
          [
            [
              24.5162468,
              54.8801672
            ],
            [
              24.5163054,
              54.8801099
            ],
            [
              24.5164206,
              54.8801488
            ],
            [
              24.516362,
              54.8802062
            ],
            [
              24.5162468,
              54.8801672
            ]
          ]
        ]
      },
      "id": "way/1368968514"
    },
    {
      "type": "Feature",
      "properties": {
        "@id": "way/1368968515",
        "building": "yes"
      },
      "geometry": {
        "type": "Polygon",
        "coordinates": [
          [
            [
              24.5165356,
              54.8802349
            ],
            [
              24.5164471,
              54.8802072
            ],
            [
              24.5165552,
              54.880093
            ],
            [
              24.5166437,
              54.8801207
            ],
            [
              24.5165356,
              54.8802349
            ]
          ]
        ]
      },
      "id": "way/1368968515"
    }
  ]
}